recommendation_id,user_id,product_id,rank_no,score
1,3,78,1,98.51
2,3,47,2,96.78
3,3,4,3,94.45
4,3,98,4,92.14
5,3,81,5,90.55
6,3,65,6,88.97
7,3,19,7,86.2
8,3,71,8,84.55
9,3,11,9,82.81
10,3,64,10,80.36
11,1,19,1,98.53
12,1,40,2,96.92
13,1,30,3,94.37
14,1,91,4,92.81
15,1,13,5,90.49
16,1,92,6,88.44
17,1,84,7,86.27
18,1,33,8,84.2
19,1,52,9,82.26
20,1,23,10,80.92
21,2,96,1,98.06
22,2,77,2,96.47
23,2,23,3,94.8
24,2,94,4,92.49
25,2,53,5,90.59
26,2,50,6,88.17
27,2,94,7,86.79
28,2,52,8,84.54
29,2,72,9,82.74
30,2,84,10,80.03
31,4,44,1,98.13
32,4,71,2,96.95
33,4,87,3,94.51
34,4,66,4,92.08
35,4,52,5,90.36
36,4,46,6,88.63
37,4,43,7,86.39
38,4,83,8,84.74
39,4,17,9,82.85
40,4,89,10,80.82
41,5,98,1,98.01
42,5,72,2,96.08
43,5,37,3,94.68
44,5,2,4,92.46
45,5,23,5,90.03
46,5,22,6,88.99
47,5,49,7,86.75
48,5,98,8,84.98
49,5,53,9,82.67
50,5,46,10,80.8
51,6,41,1,98.78
52,6,34,2,96.65
53,6,35,3,94.13
54,6,62,4,92.69
55,6,51,5,90.54
56,6,97,6,88.95
57,6,93,7,86.8
58,6,26,8,84.15
59,6,98,9,82.62
60,6,39,10,80.7
61,7,39,1,98.99
62,7,2,2,96.75
63,7,39,3,94.57
64,7,100,4,92.49
65,7,67,5,90.81
66,7,75,6,88.85
67,7,6,7,86.82
68,7,73,8,84.98
69,7,25,9,82.8
70,7,97,10,80.31
71,8,25,1,98.12
72,8,28,2,96.43
73,8,63,3,94.23
74,8,33,4,92.31
75,8,89,5,90.89
76,8,43,6,88.14
77,8,33,7,86.33
78,8,7,8,84.56
79,8,32,9,82.27
80,8,14,10,80.63
81,9,29,1,98.33
82,9,67,2,96.58
83,9,84,3,94.82
84,9,83,4,92.92
85,9,35,5,90.16
86,9,97,6,88.37
87,9,47,7,86.89
88,9,21,8,84.84
89,9,51,9,82.09
90,9,5,10,80.36
91,10,1,1,98.17
92,10,75,2,96.41
93,10,34,3,94.17
94,10,38,4,92.7
95,10,34,5,90.88
96,10,72,6,88.35
97,10,24,7,86.28
98,10,40,8,84.66
99,10,39,9,82.78
100,10,29,10,80.17
101,11,11,1,98.93
102,11,17,2,96.82
103,11,79,3,94.98
104,11,54,4,92.76
105,11,70,5,90.09
106,11,47,6,88.45
107,11,73,7,86.32
108,11,33,8,84.17
109,11,8,9,82.42
110,11,15,10,80.82
111,12,62,1,98.62
112,12,13,2,96.48
113,12,27,3,94.35
114,12,100,4,92.59
115,12,100,5,90.46
116,12,2,6,88.32
117,12,56,7,86.31
118,12,16,8,84.98
119,12,61,9,82.46
120,12,51,10,80.52
121,13,21,1,98.25
122,13,66,2,96.12
123,13,53,3,94.02
124,13,95,4,92.67
125,13,43,5,90.36
126,13,98,6,88.02
127,13,39,7,86.93
128,13,19,8,84.97
129,13,89,9,82.69
130,13,84,10,80.58
131,14,16,1,98.81
132,14,97,2,96.48
133,14,2,3,94.65
134,14,8,4,92.58
135,14,51,5,90.42
136,14,44,6,88.67
137,14,2,7,86.25
138,14,52,8,84.2
139,14,50,9,82.25
140,14,96,10,80.77
141,15,22,1,98.52
142,15,45,2,96.35
143,15,5,3,94.84
144,15,64,4,92.31
145,15,60,5,90.74
146,15,65,6,88.18
147,15,2,7,86.2
148,15,69,8,84.38
149,15,84,9,82.18
150,15,57,10,80.67
151,16,56,1,98.69
152,16,47,2,96.23
153,16,9,3,94.6
154,16,24,4,92.71
155,16,83,5,90.07
156,16,43,6,88.48
157,16,52,7,86.92
158,16,43,8,84.03
159,16,24,9,82.13
160,16,53,10,80.16
161,17,15,1,98.93
162,17,62,2,96.4
163,17,73,3,94.33
164,17,3,4,92.19
165,17,73,5,90.45
166,17,88,6,88.88
167,17,49,7,86.75
168,17,40,8,84.31
169,17,44,9,82.3
170,17,75,10,80.36
171,18,98,1,98.43
172,18,67,2,96.34
173,18,6,3,94.84
174,18,32,4,92.47
175,18,55,5,90.3
176,18,60,6,88.08
177,18,82,7,86.37
178,18,5,8,84.45
179,18,74,9,82.13
180,18,85,10,80.72
181,19,91,1,98.51
182,19,67,2,96.61
183,19,76,3,94.11
184,19,65,4,92.6
185,19,74,5,90.99
186,19,16,6,88.98
187,19,70,7,86.04
188,19,29,8,84.07
189,19,18,9,82.53
190,19,80,10,80.39
191,20,30,1,98.55
192,20,47,2,96.55
193,20,87,3,94.82
194,20,8,4,92.86
195,20,29,5,90.93
196,20,44,6,88.56
197,20,6,7,86.76
198,20,64,8,84.74
199,20,35,9,82.28
200,20,78,10,80.09
201,21,55,1,98.86
202,21,12,2,96.83
203,21,90,3,94.71
204,21,52,4,92.37
205,21,90,5,90.7
206,21,89,6,88.06
207,21,65,7,86.77
208,21,59,8,84.24
209,21,52,9,82.09
210,21,32,10,80.91
211,22,7,1,98.19
212,22,19,2,96.14
213,22,75,3,94.63
214,22,86,4,92.32
215,22,7,5,90.46
216,22,88,6,88.59
217,22,54,7,86.35
218,22,22,8,84.22
219,22,15,9,82.9
220,22,86,10,80.71
221,23,67,1,98.45
222,23,17,2,96.46
223,23,43,3,94.66
224,23,29,4,92.13
225,23,35,5,90.91
226,23,93,6,88.77
227,23,31,7,86.94
228,23,19,8,84.84
229,23,12,9,82.67
230,23,84,10,80.94
231,24,26,1,98.19
232,24,70,2,96.74
233,24,63,3,94.7
234,24,33,4,92.95
235,24,61,5,90.7
236,24,73,6,88.01
237,24,94,7,86.56
238,24,61,8,84.32
239,24,10,9,82.86
240,24,64,10,80.82
241,25,56,1,98.43
242,25,46,2,96.26
243,25,52,3,94.48
244,25,76,4,92.84
245,25,77,5,90.9
246,25,39,6,88.24
247,25,75,7,86.68
248,25,58,8,84.51
249,25,65,9,82.89
250,25,96,10,80.29
251,26,96,1,98.56
252,26,43,2,96.01
253,26,53,3,94.15
254,26,71,4,92.79
255,26,97,5,90.79
256,26,27,6,88.06
257,26,21,7,86.41
258,26,66,8,84.65
259,26,19,9,82.31
260,26,83,10,80.41
261,27,63,1,98.53
262,27,39,2,96.32
263,27,70,3,94.42
264,27,67,4,92.38
265,27,37,5,90.26
266,27,78,6,88.25
267,27,27,7,86.43
268,27,9,8,84.61
269,27,69,9,82.06
270,27,86,10,80.59
271,28,94,1,98.54
272,28,90,2,96.07
273,28,91,3,94.89
274,28,12,4,92.93
275,28,89,5,90.9
276,28,69,6,88.92
277,28,14,7,86.61
278,28,68,8,84.39
279,28,5,9,82.01
280,28,83,10,80.94
281,29,47,1,98.54
282,29,7,2,96.17
283,29,21,3,94.77
284,29,100,4,92.72
285,29,22,5,90.43
286,29,91,6,88.25
287,29,93,7,86.48
288,29,86,8,84.42
289,29,72,9,82.16
290,29,52,10,80.24
291,30,100,1,98.39
292,30,60,2,96.17
293,30,52,3,94.15
294,30,72,4,92.14
295,30,95,5,90.18
296,30,89,6,88.94
297,30,59,7,86.5
298,30,1,8,84.66
299,30,86,9,82.26
300,30,22,10,80.43
301,31,19,1,98.01
302,31,36,2,96.51
303,31,23,3,94.86
304,31,11,4,92.81
305,31,32,5,90.12
306,31,8,6,88.01
307,31,62,7,86.95
308,31,35,8,84.0
309,31,4,9,82.64
310,31,69,10,80.47
311,32,25,1,98.65
312,32,27,2,96.75
313,32,48,3,94.92
314,32,36,4,92.49
315,32,88,5,90.05
316,32,79,6,88.95
317,32,25,7,86.11
318,32,53,8,84.58
319,32,68,9,82.28
320,32,21,10,80.66
321,33,13,1,98.67
322,33,98,2,96.09
323,33,12,3,94.75
324,33,55,4,92.8
325,33,48,5,90.53
326,33,41,6,88.09
327,33,80,7,86.23
328,33,32,8,84.97
329,33,34,9,82.6
330,33,21,10,80.74
331,34,68,1,98.92
332,34,4,2,96.35
333,34,43,3,94.91
334,34,58,4,92.97
335,34,78,5,90.56
336,34,80,6,89.0
337,34,59,7,86.77
338,34,74,8,84.03
339,34,83,9,82.0
340,34,79,10,80.33
341,35,28,1,98.87
342,35,70,2,96.83
343,35,47,3,94.78
344,35,78,4,92.48
345,35,25,5,90.15
346,35,88,6,88.74
347,35,59,7,86.73
348,35,18,8,84.34
349,35,44,9,82.89
350,35,3,10,80.87
351,36,84,1,98.27
352,36,53,2,96.42
353,36,63,3,94.9
354,36,80,4,92.5
355,36,47,5,90.39
356,36,70,6,88.67
357,36,99,7,86.0
358,36,75,8,84.14
359,36,15,9,82.83
360,36,2,10,80.8
361,37,77,1,98.19
362,37,19,2,96.29
363,37,66,3,94.69
364,37,88,4,92.4
365,37,98,5,90.94
366,37,60,6,88.07
367,37,15,7,86.42
368,37,45,8,84.11
369,37,31,9,82.32
370,37,11,10,80.29
371,38,79,1,98.83
372,38,60,2,97.0
373,38,65,3,94.04
374,38,77,4,92.74
375,38,43,5,90.35
376,38,89,6,88.34
377,38,93,7,86.54
378,38,16,8,84.26
379,38,8,9,82.88
380,38,65,10,80.26
381,39,91,1,98.33
382,39,17,2,96.32
383,39,31,3,94.67
384,39,37,4,92.99
385,39,32,5,90.24
386,39,33,6,88.36
387,39,6,7,86.53
388,39,10,8,84.37
389,39,89,9,82.95
390,39,12,10,80.35
391,40,8,1,98.53
392,40,57,2,96.54
393,40,53,3,94.97
394,40,44,4,92.43
395,40,95,5,90.33
396,40,11,6,88.33
397,40,7,7,86.08
398,40,13,8,84.76
399,40,4,9,82.56
400,40,68,10,80.04
401,41,67,1,98.34
402,41,65,2,96.69
403,41,88,3,94.25
404,41,1,4,92.16
405,41,85,5,90.04
406,41,85,6,88.04
407,41,77,7,86.34
408,41,25,8,84.82
409,41,33,9,82.62
410,41,55,10,80.62
411,42,90,1,98.88
412,42,32,2,96.87
413,42,15,3,94.85
414,42,49,4,92.95
415,42,20,5,90.44
416,42,42,6,88.06
417,42,52,7,86.86
418,42,34,8,84.51
419,42,62,9,82.13
420,42,33,10,80.53
421,43,96,1,98.04
422,43,97,2,96.35
423,43,22,3,94.95
424,43,100,4,92.98
425,43,59,5,90.97
426,43,79,6,88.03
427,43,63,7,86.43
428,43,28,8,84.83
429,43,43,9,82.68
430,43,52,10,80.51
431,44,11,1,98.7
432,44,94,2,96.5
433,44,90,3,94.25
434,44,87,4,92.05
435,44,54,5,90.79
436,44,30,6,88.62
437,44,79,7,86.84
438,44,43,8,84.3
439,44,69,9,82.31
440,44,85,10,80.06
441,45,81,1,98.08
442,45,73,2,96.62
443,45,3,3,94.49
444,45,98,4,92.4
445,45,16,5,90.62
446,45,35,6,88.18
447,45,94,7,86.88
448,45,75,8,84.32
449,45,26,9,82.23
450,45,38,10,80.72
451,46,53,1,98.13
452,46,19,2,96.47
453,46,33,3,94.6
454,46,41,4,92.22
455,46,69,5,90.6
456,46,16,6,88.59
457,46,92,7,86.3
458,46,55,8,84.95
459,46,25,9,82.26
460,46,49,10,80.66
461,47,81,1,98.33
462,47,2,2,96.59
463,47,1,3,94.91
464,47,41,4,92.82
465,47,31,5,90.33
466,47,34,6,88.12
467,47,23,7,86.06
468,47,50,8,84.13
469,47,38,9,82.97
470,47,34,10,80.2
471,48,80,1,98.66
472,48,7,2,96.3
473,48,4,3,94.93
474,48,86,4,92.58
475,48,47,5,90.55
476,48,67,6,88.51
477,48,58,7,86.72
478,48,95,8,84.26
479,48,53,9,82.92
480,48,64,10,80.58
481,49,18,1,98.43
482,49,55,2,96.75
483,49,24,3,94.13
484,49,22,4,92.08
485,49,24,5,90.69
486,49,78,6,88.67
487,49,53,7,86.7
488,49,9,8,84.51
489,49,97,9,82.62
490,49,74,10,80.99
491,50,61,1,98.78
492,50,26,2,96.65
493,50,100,3,94.61
494,50,28,4,92.32
495,50,19,5,90.65
496,50,35,6,88.76
497,50,86,7,86.03
498,50,54,8,84.12
499,50,12,9,82.84
500,50,4,10,80.82
