user_id,product_id,final_preference
99,1,100.0
98,1,100.0
97,1,100.0
96,1,100.0
95,1,100.0
94,1,100.0
93,1,100.0
92,1,100.0
91,1,100.0
90,1,100.0
89,1,100.0
88,1,100.0
87,1,100.0
86,1,100.0
85,1,100.0
84,1,100.0
83,1,100.0
82,1,100.0
81,1,100.0
80,1,100.0
79,1,100.0
78,1,100.0
77,1,100.0
76,1,100.0
75,1,100.0
74,1,100.0
73,1,100.0
72,1,100.0
71,1,100.0
70,1,100.0
69,1,100.0
68,1,100.0
67,1,100.0
66,1,100.0
65,1,100.0
64,1,100.0
63,1,100.0
62,1,100.0
61,1,100.0
60,1,100.0
59,1,100.0
58,1,100.0
57,1,100.0
56,1,100.0
55,1,100.0
54,1,100.0
53,1,100.0
52,1,100.0
51,1,100.0
46,1,100.0
41,1,100.0
27,1,100.0
25,1,100.0
24,1,100.0
22,1,100.0
21,1,100.0
20,1,100.0
100,1,100.0
99,2,100.0
98,2,100.0
97,2,100.0
96,2,100.0
95,2,100.0
94,2,100.0
93,2,100.0
92,2,100.0
91,2,100.0
90,2,100.0
89,2,100.0
88,2,100.0
87,2,100.0
86,2,100.0
85,2,100.0
84,2,100.0
83,2,100.0
82,2,100.0
81,2,100.0
80,2,100.0
79,2,100.0
78,2,100.0
77,2,100.0
76,2,100.0
75,2,100.0
74,2,100.0
73,2,100.0
72,2,100.0
71,2,100.0
70,2,100.0
7,2,100.0
69,2,100.0
68,2,100.0
67,2,100.0
66,2,100.0
65,2,100.0
64,2,100.0
63,2,100.0
62,2,100.0
61,2,100.0
60,2,100.0
6,2,100.0
59,2,100.0
58,2,100.0
57,2,100.0
56,2,100.0
55,2,100.0
54,2,100.0
53,2,100.0
52,2,100.0
51,2,100.0
43,2,100.0
42,2,100.0
40,2,100.0
39,2,100.0
33,2,100.0
31,2,100.0
28,2,100.0
23,2,100.0
18,2,100.0
17,2,100.0
15,2,100.0
14,2,100.0
100,2,100.0
1,2,100.0
99,3,100.0
98,3,100.0
97,3,100.0
96,3,100.0
95,3,100.0
94,3,100.0
93,3,100.0
92,3,100.0
91,3,100.0
90,3,100.0
89,3,100.0
88,3,100.0
87,3,100.0
86,3,100.0
85,3,100.0
84,3,100.0
83,3,100.0
82,3,100.0
81,3,100.0
80,3,100.0
79,3,100.0
78,3,100.0
77,3,100.0
76,3,100.0
75,3,100.0
74,3,100.0
73,3,100.0
72,3,100.0
71,3,100.0
70,3,100.0
7,3,100.0
69,3,100.0
68,3,100.0
67,3,100.0
66,3,100.0
65,3,100.0
64,3,100.0
63,3,100.0
62,3,100.0
61,3,100.0
60,3,100.0
6,3,100.0
59,3,100.0
58,3,100.0
57,3,100.0
56,3,100.0
55,3,100.0
54,3,100.0
53,3,100.0
52,3,100.0
51,3,100.0
43,3,100.0
42,3,100.0
40,3,100.0
39,3,100.0
33,3,100.0
31,3,100.0
28,3,100.0
23,3,100.0
18,3,100.0
17,3,100.0
15,3,100.0
14,3,100.0
100,3,100.0
1,3,100.0
99,4,100.0
98,4,100.0
97,4,100.0
96,4,100.0
95,4,100.0
94,4,100.0
93,4,100.0
92,4,100.0
91,4,100.0
90,4,100.0
89,4,100.0
88,4,100.0
87,4,100.0
86,4,100.0
85,4,100.0
84,4,100.0
83,4,100.0
82,4,100.0
81,4,100.0
80,4,100.0
79,4,100.0
78,4,100.0
77,4,100.0
76,4,100.0
75,4,100.0
74,4,100.0
73,4,100.0
72,4,100.0
71,4,100.0
70,4,100.0
69,4,100.0
68,4,100.0
67,4,100.0
66,4,100.0
65,4,100.0
64,4,100.0
63,4,100.0
62,4,100.0
61,4,100.0
60,4,100.0
59,4,100.0
58,4,100.0
57,4,100.0
56,4,100.0
55,4,100.0
54,4,100.0
53,4,100.0
52,4,100.0
51,4,100.0
46,4,100.0
41,4,100.0
27,4,100.0
25,4,100.0
24,4,100.0
22,4,100.0
21,4,100.0
20,4,100.0
100,4,100.0
99,5,100.0
98,5,100.0
97,5,100.0
96,5,100.0
95,5,100.0
94,5,100.0
93,5,100.0
92,5,100.0
91,5,100.0
90,5,100.0
89,5,100.0
88,5,100.0
87,5,100.0
86,5,100.0
85,5,100.0
84,5,100.0
83,5,100.0
82,5,100.0
81,5,100.0
80,5,100.0
79,5,100.0
78,5,100.0
77,5,100.0
76,5,100.0
75,5,100.0
74,5,100.0
73,5,100.0
72,5,100.0
71,5,100.0
70,5,100.0
7,5,100.0
69,5,100.0
68,5,100.0
67,5,100.0
66,5,100.0
65,5,100.0
64,5,100.0
63,5,100.0
62,5,100.0
61,5,100.0
60,5,100.0
6,5,100.0
59,5,100.0
58,5,100.0
57,5,100.0
56,5,100.0
55,5,100.0
54,5,100.0
53,5,100.0
52,5,100.0
51,5,100.0
43,5,100.0
42,5,100.0
40,5,100.0
39,5,100.0
33,5,100.0
31,5,100.0
28,5,100.0
23,5,100.0
18,5,100.0
17,5,100.0
15,5,100.0
14,5,100.0
100,5,100.0
1,5,100.0
99,6,100.0
98,6,100.0
97,6,100.0
96,6,100.0
95,6,100.0
94,6,100.0
93,6,100.0
92,6,100.0
91,6,100.0
90,6,100.0
89,6,100.0
88,6,100.0
87,6,100.0
86,6,100.0
85,6,100.0
84,6,100.0
83,6,100.0
82,6,100.0
81,6,100.0
80,6,100.0
79,6,100.0
78,6,100.0
77,6,100.0
76,6,100.0
75,6,100.0
74,6,100.0
73,6,100.0
72,6,100.0
71,6,100.0
70,6,100.0
69,6,100.0
68,6,100.0
67,6,100.0
66,6,100.0
65,6,100.0
64,6,100.0
63,6,100.0
62,6,100.0
61,6,100.0
60,6,100.0
59,6,100.0
58,6,100.0
57,6,100.0
56,6,100.0
55,6,100.0
54,6,100.0
53,6,100.0
52,6,100.0
51,6,100.0
46,6,100.0
41,6,100.0
27,6,100.0
25,6,100.0
24,6,100.0
22,6,100.0
21,6,100.0
20,6,100.0
100,6,100.0
99,7,100.0
98,7,100.0
97,7,100.0
96,7,100.0
95,7,100.0
94,7,100.0
93,7,100.0
92,7,100.0
91,7,100.0
90,7,100.0
89,7,100.0
88,7,100.0
87,7,100.0
86,7,100.0
85,7,100.0
84,7,100.0
83,7,100.0
82,7,100.0
81,7,100.0
80,7,100.0
79,7,100.0
78,7,100.0
77,7,100.0
76,7,100.0
75,7,100.0
74,7,100.0
73,7,100.0
72,7,100.0
71,7,100.0
70,7,100.0
7,7,100.0
69,7,100.0
68,7,100.0
67,7,100.0
66,7,100.0
65,7,100.0
64,7,100.0
63,7,100.0
62,7,100.0
61,7,100.0
60,7,100.0
6,7,100.0
59,7,100.0
58,7,100.0
57,7,100.0
56,7,100.0
55,7,100.0
54,7,100.0
53,7,100.0
52,7,100.0
51,7,100.0
43,7,100.0
42,7,100.0
40,7,100.0
39,7,100.0
33,7,100.0
31,7,100.0
28,7,100.0
23,7,100.0
18,7,100.0
17,7,100.0
15,7,100.0
14,7,100.0
100,7,100.0
1,7,100.0
99,8,100.0
98,8,100.0
97,8,100.0
96,8,100.0
95,8,100.0
94,8,100.0
93,8,100.0
92,8,100.0
91,8,100.0
90,8,100.0
89,8,100.0
88,8,100.0
87,8,100.0
86,8,100.0
85,8,100.0
84,8,100.0
83,8,100.0
82,8,100.0
81,8,100.0
80,8,100.0
8,8,100.0
79,8,100.0
78,8,100.0
77,8,100.0
76,8,100.0
75,8,100.0
74,8,100.0
73,8,100.0
72,8,100.0
71,8,100.0
70,8,100.0
69,8,100.0
68,8,100.0
67,8,100.0
66,8,100.0
65,8,100.0
64,8,100.0
63,8,100.0
62,8,100.0
61,8,100.0
60,8,100.0
59,8,100.0
58,8,100.0
57,8,100.0
56,8,100.0
55,8,100.0
54,8,100.0
53,8,100.0
52,8,100.0
51,8,100.0
50,8,100.0
48,8,100.0
4,8,100.0
37,8,100.0
35,8,100.0
32,8,100.0
30,8,100.0
3,8,100.0
29,8,100.0
26,8,100.0
2,8,100.0
19,8,100.0
16,8,100.0
12,8,100.0
100,8,100.0
10,8,100.0
99,9,100.0
98,9,100.0
97,9,100.0
96,9,100.0
95,9,100.0
94,9,100.0
93,9,100.0
92,9,100.0
91,9,100.0
90,9,100.0
89,9,100.0
88,9,100.0
87,9,100.0
86,9,100.0
85,9,100.0
84,9,100.0
83,9,100.0
82,9,100.0
81,9,100.0
80,9,100.0
79,9,100.0
78,9,100.0
77,9,100.0
76,9,100.0
75,9,100.0
74,9,100.0
73,9,100.0
72,9,100.0
71,9,100.0
70,9,100.0
69,9,100.0
68,9,100.0
67,9,100.0
66,9,100.0
65,9,100.0
64,9,100.0
63,9,100.0
62,9,100.0
61,9,100.0
60,9,100.0
59,9,100.0
58,9,100.0
57,9,100.0
56,9,100.0
55,9,100.0
54,9,100.0
53,9,100.0
52,9,100.0
51,9,100.0
46,9,100.0
41,9,100.0
27,9,100.0
25,9,100.0
24,9,100.0
22,9,100.0
21,9,100.0
20,9,100.0
100,9,100.0
99,10,100.0
98,10,100.0
97,10,100.0
96,10,100.0
95,10,100.0
94,10,100.0
93,10,100.0
92,10,100.0
91,10,100.0
90,10,100.0
89,10,100.0
88,10,100.0
87,10,100.0
86,10,100.0
85,10,100.0
84,10,100.0
83,10,100.0
82,10,100.0
81,10,100.0
80,10,100.0
79,10,100.0
78,10,100.0
77,10,100.0
76,10,100.0
75,10,100.0
74,10,100.0
73,10,100.0
72,10,100.0
71,10,100.0
70,10,100.0
7,10,100.0
69,10,100.0
68,10,100.0
67,10,100.0
66,10,100.0
65,10,100.0
64,10,100.0
63,10,100.0
62,10,100.0
61,10,100.0
60,10,100.0
6,10,100.0
59,10,100.0
58,10,100.0
57,10,100.0
56,10,100.0
55,10,100.0
54,10,100.0
53,10,100.0
52,10,100.0
51,10,100.0
43,10,100.0
42,10,100.0
40,10,100.0
39,10,100.0
33,10,100.0
31,10,100.0
28,10,100.0
23,10,100.0
18,10,100.0
17,10,100.0
15,10,100.0
14,10,100.0
100,10,100.0
1,10,100.0
99,11,100.0
98,11,100.0
97,11,100.0
96,11,100.0
95,11,100.0
94,11,100.0
93,11,100.0
92,11,100.0
91,11,100.0
90,11,100.0
89,11,100.0
88,11,100.0
87,11,100.0
86,11,100.0
85,11,100.0
84,11,100.0
83,11,100.0
82,11,100.0
81,11,100.0
80,11,100.0
79,11,100.0
78,11,100.0
77,11,100.0
76,11,100.0
75,11,100.0
74,11,100.0
73,11,100.0
72,11,100.0
71,11,100.0
70,11,100.0
69,11,100.0
68,11,100.0
67,11,100.0
66,11,100.0
65,11,100.0
64,11,100.0
63,11,100.0
62,11,100.0
61,11,100.0
60,11,100.0
59,11,100.0
58,11,100.0
57,11,100.0
56,11,100.0
55,11,100.0
54,11,100.0
53,11,100.0
52,11,100.0
51,11,100.0
46,11,100.0
41,11,100.0
27,11,100.0
25,11,100.0
24,11,100.0
22,11,100.0
21,11,100.0
20,11,100.0
100,11,100.0
99,12,100.0
98,12,100.0
97,12,100.0
96,12,100.0
95,12,100.0
94,12,100.0
93,12,100.0
92,12,100.0
91,12,100.0
90,12,100.0
89,12,100.0
88,12,100.0
87,12,100.0
86,12,100.0
85,12,100.0
84,12,100.0
83,12,100.0
82,12,100.0
81,12,100.0
80,12,100.0
8,12,100.0
79,12,100.0
78,12,100.0
77,12,100.0
76,12,100.0
75,12,100.0
74,12,100.0
73,12,100.0
72,12,100.0
71,12,100.0
70,12,100.0
69,12,100.0
68,12,100.0
67,12,100.0
66,12,100.0
65,12,100.0
64,12,100.0
63,12,100.0
62,12,100.0
61,12,100.0
60,12,100.0
59,12,100.0
58,12,100.0
57,12,100.0
56,12,100.0
55,12,100.0
54,12,100.0
53,12,100.0
52,12,100.0
51,12,100.0
50,12,100.0
48,12,100.0
4,12,100.0
37,12,100.0
35,12,100.0
32,12,100.0
30,12,100.0
3,12,100.0
29,12,100.0
26,12,100.0
2,12,100.0
19,12,100.0
16,12,100.0
12,12,100.0
100,12,100.0
10,12,100.0
99,13,100.0
98,13,100.0
97,13,100.0
96,13,100.0
95,13,100.0
94,13,100.0
93,13,100.0
92,13,100.0
91,13,100.0
90,13,100.0
89,13,100.0
88,13,100.0
87,13,100.0
86,13,100.0
85,13,100.0
84,13,100.0
83,13,100.0
82,13,100.0
81,13,100.0
80,13,100.0
79,13,100.0
78,13,100.0
77,13,100.0
76,13,100.0
75,13,100.0
74,13,100.0
73,13,100.0
72,13,100.0
71,13,100.0
70,13,100.0
7,13,100.0
69,13,100.0
68,13,100.0
67,13,100.0
66,13,100.0
65,13,100.0
64,13,100.0
63,13,100.0
62,13,100.0
61,13,100.0
60,13,100.0
6,13,100.0
59,13,100.0
58,13,100.0
57,13,100.0
56,13,100.0
55,13,100.0
54,13,100.0
53,13,100.0
52,13,100.0
51,13,100.0
43,13,100.0
42,13,100.0
40,13,100.0
39,13,100.0
33,13,100.0
31,13,100.0
28,13,100.0
23,13,100.0
18,13,100.0
17,13,100.0
15,13,100.0
14,13,100.0
100,13,100.0
1,13,100.0
99,14,100.0
98,14,100.0
97,14,100.0
96,14,100.0
95,14,100.0
94,14,100.0
93,14,100.0
92,14,100.0
91,14,100.0
90,14,100.0
89,14,100.0
88,14,100.0
87,14,100.0
86,14,100.0
85,14,100.0
84,14,100.0
83,14,100.0
82,14,100.0
81,14,100.0
80,14,100.0
79,14,100.0
78,14,100.0
77,14,100.0
76,14,100.0
75,14,100.0
74,14,100.0
73,14,100.0
72,14,100.0
71,14,100.0
70,14,100.0
7,14,100.0
69,14,100.0
68,14,100.0
67,14,100.0
66,14,100.0
65,14,100.0
64,14,100.0
63,14,100.0
62,14,100.0
61,14,100.0
60,14,100.0
6,14,100.0
59,14,100.0
58,14,100.0
57,14,100.0
56,14,100.0
55,14,100.0
54,14,100.0
53,14,100.0
52,14,100.0
51,14,100.0
43,14,100.0
42,14,100.0
40,14,100.0
39,14,100.0
33,14,100.0
31,14,100.0
28,14,100.0
23,14,100.0
18,14,100.0
17,14,100.0
15,14,100.0
14,14,100.0
100,14,100.0
1,14,100.0
99,15,100.0
98,15,100.0
97,15,100.0
96,15,100.0
95,15,100.0
94,15,100.0
93,15,100.0
92,15,100.0
91,15,100.0
90,15,100.0
9,15,100.0
89,15,100.0
88,15,100.0
87,15,100.0
86,15,100.0
85,15,100.0
84,15,100.0
83,15,100.0
82,15,100.0
81,15,100.0
80,15,100.0
79,15,100.0
78,15,100.0
77,15,100.0
76,15,100.0
75,15,100.0
74,15,100.0
73,15,100.0
72,15,100.0
71,15,100.0
70,15,100.0
69,15,100.0
68,15,100.0
67,15,100.0
66,15,100.0
65,15,100.0
64,15,100.0
63,15,100.0
62,15,100.0
61,15,100.0
60,15,100.0
59,15,100.0
58,15,100.0
57,15,100.0
56,15,100.0
55,15,100.0
54,15,100.0
53,15,100.0
52,15,100.0
51,15,100.0
5,15,100.0
49,15,100.0
47,15,100.0
45,15,100.0
44,15,100.0
38,15,100.0
36,15,100.0
34,15,100.0
13,15,100.0
11,15,100.0
100,15,100.0
99,16,100.0
98,16,100.0
97,16,100.0
96,16,100.0
95,16,100.0
94,16,100.0
93,16,100.0
92,16,100.0
91,16,100.0
90,16,100.0
9,16,100.0
89,16,100.0
88,16,100.0
87,16,100.0
86,16,100.0
85,16,100.0
84,16,100.0
83,16,100.0
82,16,100.0
81,16,100.0
80,16,100.0
79,16,100.0
78,16,100.0
77,16,100.0
76,16,100.0
75,16,100.0
74,16,100.0
73,16,100.0
72,16,100.0
71,16,100.0
70,16,100.0
69,16,100.0
68,16,100.0
67,16,100.0
66,16,100.0
65,16,100.0
64,16,100.0
63,16,100.0
62,16,100.0
61,16,100.0
60,16,100.0
59,16,100.0
58,16,100.0
57,16,100.0
56,16,100.0
55,16,100.0
54,16,100.0
53,16,100.0
52,16,100.0
51,16,100.0
5,16,100.0
49,16,100.0
47,16,100.0
45,16,100.0
44,16,100.0
38,16,100.0
36,16,100.0
34,16,100.0
13,16,100.0
11,16,100.0
100,16,100.0
99,17,100.0
98,17,100.0
97,17,100.0
96,17,100.0
95,17,100.0
94,17,100.0
93,17,100.0
92,17,100.0
91,17,100.0
90,17,100.0
89,17,100.0
88,17,100.0
87,17,100.0
86,17,100.0
85,17,100.0
84,17,100.0
83,17,100.0
82,17,100.0
81,17,100.0
80,17,100.0
79,17,100.0
78,17,100.0
77,17,100.0
76,17,100.0
75,17,100.0
74,17,100.0
73,17,100.0
72,17,100.0
71,17,100.0
70,17,100.0
69,17,100.0
68,17,100.0
67,17,100.0
66,17,100.0
65,17,100.0
64,17,100.0
63,17,100.0
62,17,100.0
61,17,100.0
60,17,100.0
59,17,100.0
58,17,100.0
57,17,100.0
56,17,100.0
55,17,100.0
54,17,100.0
53,17,100.0
52,17,100.0
51,17,100.0
46,17,100.0
41,17,100.0
27,17,100.0
25,17,100.0
24,17,100.0
22,17,100.0
21,17,100.0
20,17,100.0
100,17,100.0
99,18,100.0
98,18,100.0
97,18,100.0
96,18,100.0
95,18,100.0
94,18,100.0
93,18,100.0
92,18,100.0
91,18,100.0
90,18,100.0
89,18,100.0
88,18,100.0
87,18,100.0
86,18,100.0
85,18,100.0
84,18,100.0
83,18,100.0
82,18,100.0
81,18,100.0
80,18,100.0
8,18,100.0
79,18,100.0
78,18,100.0
77,18,100.0
76,18,100.0
75,18,100.0
74,18,100.0
73,18,100.0
72,18,100.0
71,18,100.0
70,18,100.0
69,18,100.0
68,18,100.0
67,18,100.0
66,18,100.0
65,18,100.0
64,18,100.0
63,18,100.0
62,18,100.0
61,18,100.0
60,18,100.0
59,18,100.0
58,18,100.0
57,18,100.0
56,18,100.0
55,18,100.0
54,18,100.0
53,18,100.0
52,18,100.0
51,18,100.0
50,18,100.0
48,18,100.0
4,18,100.0
37,18,100.0
35,18,100.0
32,18,100.0
30,18,100.0
3,18,100.0
29,18,100.0
26,18,100.0
2,18,100.0
19,18,100.0
16,18,100.0
12,18,100.0
100,18,100.0
10,18,100.0
99,19,100.0
98,19,100.0
97,19,100.0
96,19,100.0
95,19,100.0
94,19,100.0
93,19,100.0
92,19,100.0
91,19,100.0
90,19,100.0
89,19,100.0
88,19,100.0
87,19,100.0
86,19,100.0
85,19,100.0
84,19,100.0
83,19,100.0
82,19,100.0
81,19,100.0
80,19,100.0
79,19,100.0
78,19,100.0
77,19,100.0
76,19,100.0
75,19,100.0
74,19,100.0
73,19,100.0
72,19,100.0
71,19,100.0
70,19,100.0
69,19,100.0
68,19,100.0
67,19,100.0
66,19,100.0
65,19,100.0
64,19,100.0
63,19,100.0
62,19,100.0
61,19,100.0
60,19,100.0
59,19,100.0
58,19,100.0
57,19,100.0
56,19,100.0
55,19,100.0
54,19,100.0
53,19,100.0
52,19,100.0
51,19,100.0
46,19,100.0
41,19,100.0
27,19,100.0
25,19,100.0
24,19,100.0
22,19,100.0
21,19,100.0
20,19,100.0
100,19,100.0
99,20,100.0
98,20,100.0
97,20,100.0
96,20,100.0
95,20,100.0
94,20,100.0
93,20,100.0
92,20,100.0
91,20,100.0
90,20,100.0
89,20,100.0
88,20,100.0
87,20,100.0
86,20,100.0
85,20,100.0
84,20,100.0
83,20,100.0
82,20,100.0
81,20,100.0
80,20,100.0
79,20,100.0
78,20,100.0
77,20,100.0
76,20,100.0
75,20,100.0
74,20,100.0
73,20,100.0
72,20,100.0
71,20,100.0
70,20,100.0
7,20,100.0
69,20,100.0
68,20,100.0
67,20,100.0
66,20,100.0
65,20,100.0
64,20,100.0
63,20,100.0
62,20,100.0
61,20,100.0
60,20,100.0
6,20,100.0
59,20,100.0
58,20,100.0
57,20,100.0
56,20,100.0
55,20,100.0
54,20,100.0
53,20,100.0
52,20,100.0
51,20,100.0
43,20,100.0
42,20,100.0
40,20,100.0
39,20,100.0
33,20,100.0
31,20,100.0
28,20,100.0
23,20,100.0
18,20,100.0
17,20,100.0
15,20,100.0
14,20,100.0
100,20,100.0
1,20,100.0
99,21,100.0
98,21,100.0
97,21,100.0
96,21,100.0
95,21,100.0
94,21,100.0
93,21,100.0
92,21,100.0
91,21,100.0
90,21,100.0
89,21,100.0
88,21,100.0
87,21,100.0
86,21,100.0
85,21,100.0
84,21,100.0
83,21,100.0
82,21,100.0
81,21,100.0
80,21,100.0
79,21,100.0
78,21,100.0
77,21,100.0
76,21,100.0
75,21,100.0
74,21,100.0
73,21,100.0
72,21,100.0
71,21,100.0
70,21,100.0
7,21,100.0
69,21,100.0
68,21,100.0
67,21,100.0
66,21,100.0
65,21,100.0
64,21,100.0
63,21,100.0
62,21,100.0
61,21,100.0
60,21,100.0
6,21,100.0
59,21,100.0
58,21,100.0
57,21,100.0
56,21,100.0
55,21,100.0
54,21,100.0
53,21,100.0
52,21,100.0
51,21,100.0
43,21,100.0
42,21,100.0
40,21,100.0
39,21,100.0
33,21,100.0
31,21,100.0
28,21,100.0
23,21,100.0
18,21,100.0
17,21,100.0
15,21,100.0
14,21,100.0
100,21,100.0
1,21,100.0
99,22,100.0
98,22,100.0
97,22,100.0
96,22,100.0
95,22,100.0
94,22,100.0
93,22,100.0
92,22,100.0
91,22,100.0
90,22,100.0
89,22,100.0
88,22,100.0
87,22,100.0
86,22,100.0
85,22,100.0
84,22,100.0
83,22,100.0
82,22,100.0
81,22,100.0
80,22,100.0
8,22,100.0
79,22,100.0
78,22,100.0
77,22,100.0
76,22,100.0
75,22,100.0
74,22,100.0
73,22,100.0
72,22,100.0
71,22,100.0
70,22,100.0
69,22,100.0
68,22,100.0
67,22,100.0
66,22,100.0
65,22,100.0
64,22,100.0
63,22,100.0
62,22,100.0
61,22,100.0
60,22,100.0
59,22,100.0
58,22,100.0
57,22,100.0
56,22,100.0
55,22,100.0
54,22,100.0
53,22,100.0
52,22,100.0
51,22,100.0
50,22,100.0
48,22,100.0
4,22,100.0
37,22,100.0
35,22,100.0
32,22,100.0
30,22,100.0
3,22,100.0
29,22,100.0
26,22,100.0
2,22,100.0
19,22,100.0
16,22,100.0
12,22,100.0
100,22,100.0
10,22,100.0
99,23,100.0
98,23,100.0
97,23,100.0
96,23,100.0
95,23,100.0
94,23,100.0
93,23,100.0
92,23,100.0
91,23,100.0
90,23,100.0
89,23,100.0
88,23,100.0
87,23,100.0
86,23,100.0
85,23,100.0
84,23,100.0
83,23,100.0
82,23,100.0
81,23,100.0
80,23,100.0
79,23,100.0
78,23,100.0
77,23,100.0
76,23,100.0
75,23,100.0
74,23,100.0
73,23,100.0
72,23,100.0
71,23,100.0
70,23,100.0
7,23,100.0
69,23,100.0
68,23,100.0
67,23,100.0
66,23,100.0
65,23,100.0
64,23,100.0
63,23,100.0
62,23,100.0
61,23,100.0
60,23,100.0
6,23,100.0
59,23,100.0
58,23,100.0
57,23,100.0
56,23,100.0
55,23,100.0
54,23,100.0
53,23,100.0
52,23,100.0
51,23,100.0
43,23,100.0
42,23,100.0
40,23,100.0
39,23,100.0
33,23,100.0
31,23,100.0
28,23,100.0
23,23,100.0
18,23,100.0
17,23,100.0
15,23,100.0
14,23,100.0
100,23,100.0
1,23,100.0
99,24,100.0
98,24,100.0
97,24,100.0
96,24,100.0
95,24,100.0
94,24,100.0
93,24,100.0
92,24,100.0
91,24,100.0
90,24,100.0
89,24,100.0
88,24,100.0
87,24,100.0
86,24,100.0
85,24,100.0
84,24,100.0
83,24,100.0
82,24,100.0
81,24,100.0
80,24,100.0
79,24,100.0
78,24,100.0
77,24,100.0
76,24,100.0
75,24,100.0
74,24,100.0
73,24,100.0
72,24,100.0
71,24,100.0
70,24,100.0
7,24,100.0
69,24,100.0
68,24,100.0
67,24,100.0
66,24,100.0
65,24,100.0
64,24,100.0
63,24,100.0
62,24,100.0
61,24,100.0
60,24,100.0
6,24,100.0
59,24,100.0
58,24,100.0
57,24,100.0
56,24,100.0
55,24,100.0
54,24,100.0
53,24,100.0
52,24,100.0
51,24,100.0
43,24,100.0
42,24,100.0
40,24,100.0
39,24,100.0
33,24,100.0
31,24,100.0
28,24,100.0
23,24,100.0
18,24,100.0
17,24,100.0
15,24,100.0
14,24,100.0
100,24,100.0
1,24,100.0
99,25,100.0
98,25,100.0
97,25,100.0
96,25,100.0
95,25,100.0
94,25,100.0
93,25,100.0
92,25,100.0
91,25,100.0
90,25,100.0
89,25,100.0
88,25,100.0
87,25,100.0
86,25,100.0
85,25,100.0
84,25,100.0
83,25,100.0
82,25,100.0
81,25,100.0
80,25,100.0
79,25,100.0
78,25,100.0
77,25,100.0
76,25,100.0
75,25,100.0
74,25,100.0
73,25,100.0
72,25,100.0
71,25,100.0
70,25,100.0
7,25,100.0
69,25,100.0
68,25,100.0
67,25,100.0
66,25,100.0
65,25,100.0
64,25,100.0
63,25,100.0
62,25,100.0
61,25,100.0
60,25,100.0
6,25,100.0
59,25,100.0
58,25,100.0
57,25,100.0
56,25,100.0
55,25,100.0
54,25,100.0
53,25,100.0
52,25,100.0
51,25,100.0
43,25,100.0
42,25,100.0
40,25,100.0
39,25,100.0
33,25,100.0
31,25,100.0
28,25,100.0
23,25,100.0
18,25,100.0
17,25,100.0
15,25,100.0
14,25,100.0
100,25,100.0
1,25,100.0
99,26,100.0
98,26,100.0
97,26,100.0
96,26,100.0
95,26,100.0
94,26,100.0
93,26,100.0
92,26,100.0
91,26,100.0
90,26,100.0
89,26,100.0
88,26,100.0
87,26,100.0
86,26,100.0
85,26,100.0
84,26,100.0
83,26,100.0
82,26,100.0
81,26,100.0
80,26,100.0
79,26,100.0
78,26,100.0
77,26,100.0
76,26,100.0
75,26,100.0
74,26,100.0
73,26,100.0
72,26,100.0
71,26,100.0
70,26,100.0
7,26,100.0
69,26,100.0
68,26,100.0
67,26,100.0
66,26,100.0
65,26,100.0
64,26,100.0
63,26,100.0
62,26,100.0
61,26,100.0
60,26,100.0
6,26,100.0
59,26,100.0
58,26,100.0
57,26,100.0
56,26,100.0
55,26,100.0
54,26,100.0
53,26,100.0
52,26,100.0
51,26,100.0
43,26,100.0
42,26,100.0
40,26,100.0
39,26,100.0
33,26,100.0
31,26,100.0
28,26,100.0
23,26,100.0
18,26,100.0
17,26,100.0
15,26,100.0
14,26,100.0
100,26,100.0
1,26,100.0
99,27,100.0
98,27,100.0
97,27,100.0
96,27,100.0
95,27,100.0
94,27,100.0
93,27,100.0
92,27,100.0
91,27,100.0
90,27,100.0
9,27,100.0
89,27,100.0
88,27,100.0
87,27,100.0
86,27,100.0
85,27,100.0
84,27,100.0
83,27,100.0
82,27,100.0
81,27,100.0
80,27,100.0
79,27,100.0
78,27,100.0
77,27,100.0
76,27,100.0
75,27,100.0
74,27,100.0
73,27,100.0
72,27,100.0
71,27,100.0
70,27,100.0
69,27,100.0
68,27,100.0
67,27,100.0
66,27,100.0
65,27,100.0
64,27,100.0
63,27,100.0
62,27,100.0
61,27,100.0
60,27,100.0
59,27,100.0
58,27,100.0
57,27,100.0
56,27,100.0
55,27,100.0
54,27,100.0
53,27,100.0
52,27,100.0
51,27,100.0
5,27,100.0
49,27,100.0
47,27,100.0
45,27,100.0
44,27,100.0
38,27,100.0
36,27,100.0
34,27,100.0
13,27,100.0
11,27,100.0
100,27,100.0
99,28,100.0
98,28,100.0
97,28,100.0
96,28,100.0
95,28,100.0
94,28,100.0
93,28,100.0
92,28,100.0
91,28,100.0
90,28,100.0
9,28,100.0
89,28,100.0
88,28,100.0
87,28,100.0
86,28,100.0
85,28,100.0
84,28,100.0
83,28,100.0
82,28,100.0
81,28,100.0
80,28,100.0
79,28,100.0
78,28,100.0
77,28,100.0
76,28,100.0
75,28,100.0
74,28,100.0
73,28,100.0
72,28,100.0
71,28,100.0
70,28,100.0
69,28,100.0
68,28,100.0
67,28,100.0
66,28,100.0
65,28,100.0
64,28,100.0
63,28,100.0
62,28,100.0
61,28,100.0
60,28,100.0
59,28,100.0
58,28,100.0
57,28,100.0
56,28,100.0
55,28,100.0
54,28,100.0
53,28,100.0
52,28,100.0
51,28,100.0
5,28,100.0
49,28,100.0
47,28,100.0
45,28,100.0
44,28,100.0
38,28,100.0
36,28,100.0
34,28,100.0
13,28,100.0
11,28,100.0
100,28,100.0
99,29,100.0
98,29,100.0
97,29,100.0
96,29,100.0
95,29,100.0
94,29,100.0
93,29,100.0
92,29,100.0
91,29,100.0
90,29,100.0
89,29,100.0
88,29,100.0
87,29,100.0
86,29,100.0
85,29,100.0
84,29,100.0
83,29,100.0
82,29,100.0
81,29,100.0
80,29,100.0
79,29,100.0
78,29,100.0
77,29,100.0
76,29,100.0
75,29,100.0
74,29,100.0
73,29,100.0
72,29,100.0
71,29,100.0
70,29,100.0
69,29,100.0
68,29,100.0
67,29,100.0
66,29,100.0
65,29,100.0
64,29,100.0
63,29,100.0
62,29,100.0
61,29,100.0
60,29,100.0
59,29,100.0
58,29,100.0
57,29,100.0
56,29,100.0
55,29,100.0
54,29,100.0
53,29,100.0
52,29,100.0
51,29,100.0
46,29,100.0
41,29,100.0
27,29,100.0
25,29,100.0
24,29,100.0
22,29,100.0
21,29,100.0
20,29,100.0
100,29,100.0
99,30,100.0
98,30,100.0
97,30,100.0
96,30,100.0
95,30,100.0
94,30,100.0
93,30,100.0
92,30,100.0
91,30,100.0
90,30,100.0
89,30,100.0
88,30,100.0
87,30,100.0
86,30,100.0
85,30,100.0
84,30,100.0
83,30,100.0
82,30,100.0
81,30,100.0
80,30,100.0
8,30,100.0
79,30,100.0
78,30,100.0
77,30,100.0
76,30,100.0
75,30,100.0
74,30,100.0
73,30,100.0
72,30,100.0
71,30,100.0
70,30,100.0
69,30,100.0
68,30,100.0
67,30,100.0
66,30,100.0
65,30,100.0
64,30,100.0
63,30,100.0
62,30,100.0
61,30,100.0
60,30,100.0
59,30,100.0
58,30,100.0
57,30,100.0
56,30,100.0
55,30,100.0
54,30,100.0
53,30,100.0
52,30,100.0
51,30,100.0
50,30,100.0
48,30,100.0
4,30,100.0
37,30,100.0
35,30,100.0
32,30,100.0
30,30,100.0
3,30,100.0
29,30,100.0
26,30,100.0
2,30,100.0
19,30,100.0
16,30,100.0
12,30,100.0
100,30,100.0
10,30,100.0
99,31,100.0
98,31,100.0
97,31,100.0
96,31,100.0
95,31,100.0
94,31,100.0
93,31,100.0
92,31,100.0
91,31,100.0
90,31,100.0
89,31,100.0
88,31,100.0
87,31,100.0
86,31,100.0
85,31,100.0
84,31,100.0
83,31,100.0
82,31,100.0
81,31,100.0
80,31,100.0
79,31,100.0
78,31,100.0
77,31,100.0
76,31,100.0
75,31,100.0
74,31,100.0
73,31,100.0
72,31,100.0
71,31,100.0
70,31,100.0
69,31,100.0
68,31,100.0
67,31,100.0
66,31,100.0
65,31,100.0
64,31,100.0
63,31,100.0
62,31,100.0
61,31,100.0
60,31,100.0
59,31,100.0
58,31,100.0
57,31,100.0
56,31,100.0
55,31,100.0
54,31,100.0
53,31,100.0
52,31,100.0
51,31,100.0
46,31,100.0
41,31,100.0
27,31,100.0
25,31,100.0
24,31,100.0
22,31,100.0
21,31,100.0
20,31,100.0
100,31,100.0
99,32,100.0
98,32,100.0
97,32,100.0
96,32,100.0
95,32,100.0
94,32,100.0
93,32,100.0
92,32,100.0
91,32,100.0
90,32,100.0
89,32,100.0
88,32,100.0
87,32,100.0
86,32,100.0
85,32,100.0
84,32,100.0
83,32,100.0
82,32,100.0
81,32,100.0
80,32,100.0
79,32,100.0
78,32,100.0
77,32,100.0
76,32,100.0
75,32,100.0
74,32,100.0
73,32,100.0
72,32,100.0
71,32,100.0
70,32,100.0
69,32,100.0
68,32,100.0
67,32,100.0
66,32,100.0
65,32,100.0
64,32,100.0
63,32,100.0
62,32,100.0
61,32,100.0
60,32,100.0
59,32,100.0
58,32,100.0
57,32,100.0
56,32,100.0
55,32,100.0
54,32,100.0
53,32,100.0
52,32,100.0
51,32,100.0
46,32,100.0
41,32,100.0
27,32,100.0
25,32,100.0
24,32,100.0
22,32,100.0
21,32,100.0
20,32,100.0
100,32,100.0
99,33,100.0
98,33,100.0
97,33,100.0
96,33,100.0
95,33,100.0
94,33,100.0
93,33,100.0
92,33,100.0
91,33,100.0
90,33,100.0
89,33,100.0
88,33,100.0
87,33,100.0
86,33,100.0
85,33,100.0
84,33,100.0
83,33,100.0
82,33,100.0
81,33,100.0
80,33,100.0
79,33,100.0
78,33,100.0
77,33,100.0
76,33,100.0
75,33,100.0
74,33,100.0
73,33,100.0
72,33,100.0
71,33,100.0
70,33,100.0
69,33,100.0
68,33,100.0
67,33,100.0
66,33,100.0
65,33,100.0
64,33,100.0
63,33,100.0
62,33,100.0
61,33,100.0
60,33,100.0
59,33,100.0
58,33,100.0
57,33,100.0
56,33,100.0
55,33,100.0
54,33,100.0
53,33,100.0
52,33,100.0
51,33,100.0
46,33,100.0
41,33,100.0
27,33,100.0
25,33,100.0
24,33,100.0
22,33,100.0
21,33,100.0
20,33,100.0
100,33,100.0
99,34,100.0
98,34,100.0
97,34,100.0
96,34,100.0
95,34,100.0
94,34,100.0
93,34,100.0
92,34,100.0
91,34,100.0
90,34,100.0
9,34,100.0
89,34,100.0
88,34,100.0
87,34,100.0
86,34,100.0
85,34,100.0
84,34,100.0
83,34,100.0
82,34,100.0
81,34,100.0
80,34,100.0
79,34,100.0
78,34,100.0
77,34,100.0
76,34,100.0
75,34,100.0
74,34,100.0
73,34,100.0
72,34,100.0
71,34,100.0
70,34,100.0
69,34,100.0
68,34,100.0
67,34,100.0
66,34,100.0
65,34,100.0
64,34,100.0
63,34,100.0
62,34,100.0
61,34,100.0
60,34,100.0
59,34,100.0
58,34,100.0
57,34,100.0
56,34,100.0
55,34,100.0
54,34,100.0
53,34,100.0
52,34,100.0
51,34,100.0
5,34,100.0
49,34,100.0
47,34,100.0
45,34,100.0
44,34,100.0
38,34,100.0
36,34,100.0
34,34,100.0
13,34,100.0
11,34,100.0
100,34,100.0
99,35,100.0
98,35,100.0
97,35,100.0
96,35,100.0
95,35,100.0
94,35,100.0
93,35,100.0
92,35,100.0
91,35,100.0
90,35,100.0
89,35,100.0
88,35,100.0
87,35,100.0
86,35,100.0
85,35,100.0
84,35,100.0
83,35,100.0
82,35,100.0
81,35,100.0
80,35,100.0
79,35,100.0
78,35,100.0
77,35,100.0
76,35,100.0
75,35,100.0
74,35,100.0
73,35,100.0
72,35,100.0
71,35,100.0
70,35,100.0
7,35,100.0
69,35,100.0
68,35,100.0
67,35,100.0
66,35,100.0
65,35,100.0
64,35,100.0
63,35,100.0
62,35,100.0
61,35,100.0
60,35,100.0
6,35,100.0
59,35,100.0
58,35,100.0
57,35,100.0
56,35,100.0
55,35,100.0
54,35,100.0
53,35,100.0
52,35,100.0
51,35,100.0
43,35,100.0
42,35,100.0
40,35,100.0
39,35,100.0
33,35,100.0
31,35,100.0
28,35,100.0
23,35,100.0
18,35,100.0
17,35,100.0
15,35,100.0
14,35,100.0
100,35,100.0
1,35,100.0
99,36,100.0
98,36,100.0
97,36,100.0
96,36,100.0
95,36,100.0
94,36,100.0
93,36,100.0
92,36,100.0
91,36,100.0
90,36,100.0
89,36,100.0
88,36,100.0
87,36,100.0
86,36,100.0
85,36,100.0
84,36,100.0
83,36,100.0
82,36,100.0
81,36,100.0
80,36,100.0
79,36,100.0
78,36,100.0
77,36,100.0
76,36,100.0
75,36,100.0
74,36,100.0
73,36,100.0
72,36,100.0
71,36,100.0
70,36,100.0
69,36,100.0
68,36,100.0
67,36,100.0
66,36,100.0
65,36,100.0
64,36,100.0
63,36,100.0
62,36,100.0
61,36,100.0
60,36,100.0
59,36,100.0
58,36,100.0
57,36,100.0
56,36,100.0
55,36,100.0
54,36,100.0
53,36,100.0
52,36,100.0
51,36,100.0
46,36,100.0
41,36,100.0
27,36,100.0
25,36,100.0
24,36,100.0
22,36,100.0
21,36,100.0
20,36,100.0
100,36,100.0
99,37,100.0
98,37,100.0
97,37,100.0
96,37,100.0
95,37,100.0
94,37,100.0
93,37,100.0
92,37,100.0
91,37,100.0
90,37,100.0
9,37,100.0
89,37,100.0
88,37,100.0
87,37,100.0
86,37,100.0
85,37,100.0
84,37,100.0
83,37,100.0
82,37,100.0
81,37,100.0
80,37,100.0
79,37,100.0
78,37,100.0
77,37,100.0
76,37,100.0
75,37,100.0
74,37,100.0
73,37,100.0
72,37,100.0
71,37,100.0
70,37,100.0
69,37,100.0
68,37,100.0
67,37,100.0
66,37,100.0
65,37,100.0
64,37,100.0
63,37,100.0
62,37,100.0
61,37,100.0
60,37,100.0
59,37,100.0
58,37,100.0
57,37,100.0
56,37,100.0
55,37,100.0
54,37,100.0
53,37,100.0
52,37,100.0
51,37,100.0
5,37,100.0
49,37,100.0
47,37,100.0
45,37,100.0
44,37,100.0
38,37,100.0
36,37,100.0
34,37,100.0
13,37,100.0
11,37,100.0
100,37,100.0
99,38,100.0
98,38,100.0
97,38,100.0
96,38,100.0
95,38,100.0
94,38,100.0
93,38,100.0
92,38,100.0
91,38,100.0
90,38,100.0
89,38,100.0
88,38,100.0
87,38,100.0
86,38,100.0
85,38,100.0
84,38,100.0
83,38,100.0
82,38,100.0
81,38,100.0
80,38,100.0
79,38,100.0
78,38,100.0
77,38,100.0
76,38,100.0
75,38,100.0
74,38,100.0
73,38,100.0
72,38,100.0
71,38,100.0
70,38,100.0
69,38,100.0
68,38,100.0
67,38,100.0
66,38,100.0
65,38,100.0
64,38,100.0
63,38,100.0
62,38,100.0
61,38,100.0
60,38,100.0
59,38,100.0
58,38,100.0
57,38,100.0
56,38,100.0
55,38,100.0
54,38,100.0
53,38,100.0
52,38,100.0
51,38,100.0
46,38,100.0
41,38,100.0
27,38,100.0
25,38,100.0
24,38,100.0
22,38,100.0
21,38,100.0
20,38,100.0
100,38,100.0
99,39,100.0
98,39,100.0
97,39,100.0
96,39,100.0
95,39,100.0
94,39,100.0
93,39,100.0
92,39,100.0
91,39,100.0
90,39,100.0
89,39,100.0
88,39,100.0
87,39,100.0
86,39,100.0
85,39,100.0
84,39,100.0
83,39,100.0
82,39,100.0
81,39,100.0
80,39,100.0
79,39,100.0
78,39,100.0
77,39,100.0
76,39,100.0
75,39,100.0
74,39,100.0
73,39,100.0
72,39,100.0
71,39,100.0
70,39,100.0
69,39,100.0
68,39,100.0
67,39,100.0
66,39,100.0
65,39,100.0
64,39,100.0
63,39,100.0
62,39,100.0
61,39,100.0
60,39,100.0
59,39,100.0
58,39,100.0
57,39,100.0
56,39,100.0
55,39,100.0
54,39,100.0
53,39,100.0
52,39,100.0
51,39,100.0
46,39,100.0
41,39,100.0
27,39,100.0
25,39,100.0
24,39,100.0
22,39,100.0
21,39,100.0
20,39,100.0
100,39,100.0
99,40,100.0
98,40,100.0
97,40,100.0
96,40,100.0
95,40,100.0
94,40,100.0
93,40,100.0
92,40,100.0
91,40,100.0
90,40,100.0
89,40,100.0
88,40,100.0
87,40,100.0
86,40,100.0
85,40,100.0
84,40,100.0
83,40,100.0
82,40,100.0
81,40,100.0
80,40,100.0
79,40,100.0
78,40,100.0
77,40,100.0
76,40,100.0
75,40,100.0
74,40,100.0
73,40,100.0
72,40,100.0
71,40,100.0
70,40,100.0
69,40,100.0
68,40,100.0
67,40,100.0
66,40,100.0
65,40,100.0
64,40,100.0
63,40,100.0
62,40,100.0
61,40,100.0
60,40,100.0
59,40,100.0
58,40,100.0
57,40,100.0
56,40,100.0
55,40,100.0
54,40,100.0
53,40,100.0
52,40,100.0
51,40,100.0
46,40,100.0
41,40,100.0
27,40,100.0
25,40,100.0
24,40,100.0
22,40,100.0
21,40,100.0
20,40,100.0
100,40,100.0
99,41,100.0
98,41,100.0
97,41,100.0
96,41,100.0
95,41,100.0
94,41,100.0
93,41,100.0
92,41,100.0
91,41,100.0
90,41,100.0
9,41,100.0
89,41,100.0
88,41,100.0
87,41,100.0
86,41,100.0
85,41,100.0
84,41,100.0
83,41,100.0
82,41,100.0
81,41,100.0
80,41,100.0
79,41,100.0
78,41,100.0
77,41,100.0
76,41,100.0
75,41,100.0
74,41,100.0
73,41,100.0
72,41,100.0
71,41,100.0
70,41,100.0
69,41,100.0
68,41,100.0
67,41,100.0
66,41,100.0
65,41,100.0
64,41,100.0
63,41,100.0
62,41,100.0
61,41,100.0
60,41,100.0
59,41,100.0
58,41,100.0
57,41,100.0
56,41,100.0
55,41,100.0
54,41,100.0
53,41,100.0
52,41,100.0
51,41,100.0
5,41,100.0
49,41,100.0
47,41,100.0
45,41,100.0
44,41,100.0
38,41,100.0
36,41,100.0
34,41,100.0
13,41,100.0
11,41,100.0
100,41,100.0
99,42,100.0
98,42,100.0
97,42,100.0
96,42,100.0
95,42,100.0
94,42,100.0
93,42,100.0
92,42,100.0
91,42,100.0
90,42,100.0
89,42,100.0
88,42,100.0
87,42,100.0
86,42,100.0
85,42,100.0
84,42,100.0
83,42,100.0
82,42,100.0
81,42,100.0
80,42,100.0
79,42,100.0
78,42,100.0
77,42,100.0
76,42,100.0
75,42,100.0
74,42,100.0
73,42,100.0
72,42,100.0
71,42,100.0
70,42,100.0
7,42,100.0
69,42,100.0
68,42,100.0
67,42,100.0
66,42,100.0
65,42,100.0
64,42,100.0
63,42,100.0
62,42,100.0
61,42,100.0
60,42,100.0
6,42,100.0
59,42,100.0
58,42,100.0
57,42,100.0
56,42,100.0
55,42,100.0
54,42,100.0
53,42,100.0
52,42,100.0
51,42,100.0
43,42,100.0
42,42,100.0
40,42,100.0
39,42,100.0
33,42,100.0
31,42,100.0
28,42,100.0
23,42,100.0
18,42,100.0
17,42,100.0
15,42,100.0
14,42,100.0
100,42,100.0
1,42,100.0
99,43,100.0
98,43,100.0
97,43,100.0
96,43,100.0
95,43,100.0
94,43,100.0
93,43,100.0
92,43,100.0
91,43,100.0
90,43,100.0
89,43,100.0
88,43,100.0
87,43,100.0
86,43,100.0
85,43,100.0
84,43,100.0
83,43,100.0
82,43,100.0
81,43,100.0
80,43,100.0
79,43,100.0
78,43,100.0
77,43,100.0
76,43,100.0
75,43,100.0
74,43,100.0
73,43,100.0
72,43,100.0
71,43,100.0
70,43,100.0
7,43,100.0
69,43,100.0
68,43,100.0
67,43,100.0
66,43,100.0
65,43,100.0
64,43,100.0
63,43,100.0
62,43,100.0
61,43,100.0
60,43,100.0
6,43,100.0
59,43,100.0
58,43,100.0
57,43,100.0
56,43,100.0
55,43,100.0
54,43,100.0
53,43,100.0
52,43,100.0
51,43,100.0
43,43,100.0
42,43,100.0
40,43,100.0
39,43,100.0
33,43,100.0
31,43,100.0
28,43,100.0
23,43,100.0
18,43,100.0
17,43,100.0
15,43,100.0
14,43,100.0
100,43,100.0
1,43,100.0
99,44,100.0
98,44,100.0
97,44,100.0
96,44,100.0
95,44,100.0
94,44,100.0
93,44,100.0
92,44,100.0
91,44,100.0
90,44,100.0
89,44,100.0
88,44,100.0
87,44,100.0
86,44,100.0
85,44,100.0
84,44,100.0
83,44,100.0
82,44,100.0
81,44,100.0
80,44,100.0
8,44,100.0
79,44,100.0
78,44,100.0
77,44,100.0
76,44,100.0
75,44,100.0
74,44,100.0
73,44,100.0
72,44,100.0
71,44,100.0
70,44,100.0
69,44,100.0
68,44,100.0
67,44,100.0
66,44,100.0
65,44,100.0
64,44,100.0
63,44,100.0
62,44,100.0
61,44,100.0
60,44,100.0
59,44,100.0
58,44,100.0
57,44,100.0
56,44,100.0
55,44,100.0
54,44,100.0
53,44,100.0
52,44,100.0
51,44,100.0
50,44,100.0
48,44,100.0
4,44,100.0
37,44,100.0
35,44,100.0
32,44,100.0
30,44,100.0
3,44,100.0
29,44,100.0
26,44,100.0
2,44,100.0
19,44,100.0
16,44,100.0
12,44,100.0
100,44,100.0
10,44,100.0
99,45,100.0
98,45,100.0
97,45,100.0
96,45,100.0
95,45,100.0
94,45,100.0
93,45,100.0
92,45,100.0
91,45,100.0
90,45,100.0
9,45,100.0
89,45,100.0
88,45,100.0
87,45,100.0
86,45,100.0
85,45,100.0
84,45,100.0
83,45,100.0
82,45,100.0
81,45,100.0
80,45,100.0
79,45,100.0
78,45,100.0
77,45,100.0
76,45,100.0
75,45,100.0
74,45,100.0
73,45,100.0
72,45,100.0
71,45,100.0
70,45,100.0
69,45,100.0
68,45,100.0
67,45,100.0
66,45,100.0
65,45,100.0
64,45,100.0
63,45,100.0
62,45,100.0
61,45,100.0
60,45,100.0
59,45,100.0
58,45,100.0
57,45,100.0
56,45,100.0
55,45,100.0
54,45,100.0
53,45,100.0
52,45,100.0
51,45,100.0
5,45,100.0
49,45,100.0
47,45,100.0
45,45,100.0
44,45,100.0
38,45,100.0
36,45,100.0
34,45,100.0
13,45,100.0
11,45,100.0
100,45,100.0
99,46,100.0
98,46,100.0
97,46,100.0
96,46,100.0
95,46,100.0
94,46,100.0
93,46,100.0
92,46,100.0
91,46,100.0
90,46,100.0
89,46,100.0
88,46,100.0
87,46,100.0
86,46,100.0
85,46,100.0
84,46,100.0
83,46,100.0
82,46,100.0
81,46,100.0
80,46,100.0
79,46,100.0
78,46,100.0
77,46,100.0
76,46,100.0
75,46,100.0
74,46,100.0
73,46,100.0
72,46,100.0
71,46,100.0
70,46,100.0
7,46,100.0
69,46,100.0
68,46,100.0
67,46,100.0
66,46,100.0
65,46,100.0
64,46,100.0
63,46,100.0
62,46,100.0
61,46,100.0
60,46,100.0
6,46,100.0
59,46,100.0
58,46,100.0
57,46,100.0
56,46,100.0
55,46,100.0
54,46,100.0
53,46,100.0
52,46,100.0
51,46,100.0
43,46,100.0
42,46,100.0
40,46,100.0
39,46,100.0
33,46,100.0
31,46,100.0
28,46,100.0
23,46,100.0
18,46,100.0
17,46,100.0
15,46,100.0
14,46,100.0
100,46,100.0
1,46,100.0
99,47,100.0
98,47,100.0
97,47,100.0
96,47,100.0
95,47,100.0
94,47,100.0
93,47,100.0
92,47,100.0
91,47,100.0
90,47,100.0
89,47,100.0
88,47,100.0
87,47,100.0
86,47,100.0
85,47,100.0
84,47,100.0
83,47,100.0
82,47,100.0
81,47,100.0
80,47,100.0
79,47,100.0
78,47,100.0
77,47,100.0
76,47,100.0
75,47,100.0
74,47,100.0
73,47,100.0
72,47,100.0
71,47,100.0
70,47,100.0
69,47,100.0
68,47,100.0
67,47,100.0
66,47,100.0
65,47,100.0
64,47,100.0
63,47,100.0
62,47,100.0
61,47,100.0
60,47,100.0
59,47,100.0
58,47,100.0
57,47,100.0
56,47,100.0
55,47,100.0
54,47,100.0
53,47,100.0
52,47,100.0
51,47,100.0
46,47,100.0
41,47,100.0
27,47,100.0
25,47,100.0
24,47,100.0
22,47,100.0
21,47,100.0
20,47,100.0
100,47,100.0
99,48,100.0
98,48,100.0
97,48,100.0
96,48,100.0
95,48,100.0
94,48,100.0
93,48,100.0
92,48,100.0
91,48,100.0
90,48,100.0
89,48,100.0
88,48,100.0
87,48,100.0
86,48,100.0
85,48,100.0
84,48,100.0
83,48,100.0
82,48,100.0
81,48,100.0
80,48,100.0
79,48,100.0
78,48,100.0
77,48,100.0
76,48,100.0
75,48,100.0
74,48,100.0
73,48,100.0
72,48,100.0
71,48,100.0
70,48,100.0
69,48,100.0
68,48,100.0
67,48,100.0
66,48,100.0
65,48,100.0
64,48,100.0
63,48,100.0
62,48,100.0
61,48,100.0
60,48,100.0
59,48,100.0
58,48,100.0
57,48,100.0
56,48,100.0
55,48,100.0
54,48,100.0
53,48,100.0
52,48,100.0
51,48,100.0
46,48,100.0
41,48,100.0
27,48,100.0
25,48,100.0
24,48,100.0
22,48,100.0
21,48,100.0
20,48,100.0
100,48,100.0
99,49,100.0
98,49,100.0
97,49,100.0
96,49,100.0
95,49,100.0
94,49,100.0
93,49,100.0
92,49,100.0
91,49,100.0
90,49,100.0
9,49,100.0
89,49,100.0
88,49,100.0
87,49,100.0
86,49,100.0
85,49,100.0
84,49,100.0
83,49,100.0
82,49,100.0
81,49,100.0
80,49,100.0
79,49,100.0
78,49,100.0
77,49,100.0
76,49,100.0
75,49,100.0
74,49,100.0
73,49,100.0
72,49,100.0
71,49,100.0
70,49,100.0
69,49,100.0
68,49,100.0
67,49,100.0
66,49,100.0
65,49,100.0
64,49,100.0
63,49,100.0
62,49,100.0
61,49,100.0
60,49,100.0
59,49,100.0
58,49,100.0
57,49,100.0
56,49,100.0
55,49,100.0
54,49,100.0
53,49,100.0
52,49,100.0
51,49,100.0
5,49,100.0
49,49,100.0
47,49,100.0
45,49,100.0
44,49,100.0
38,49,100.0
36,49,100.0
34,49,100.0
13,49,100.0
11,49,100.0
100,49,100.0
99,50,100.0
98,50,100.0
97,50,100.0
96,50,100.0
95,50,100.0
94,50,100.0
93,50,100.0
92,50,100.0
91,50,100.0
90,50,100.0
9,50,100.0
89,50,100.0
88,50,100.0
87,50,100.0
86,50,100.0
85,50,100.0
84,50,100.0
83,50,100.0
82,50,100.0
81,50,100.0
80,50,100.0
79,50,100.0
78,50,100.0
77,50,100.0
76,50,100.0
75,50,100.0
74,50,100.0
73,50,100.0
72,50,100.0
71,50,100.0
70,50,100.0
69,50,100.0
68,50,100.0
67,50,100.0
66,50,100.0
65,50,100.0
64,50,100.0
63,50,100.0
62,50,100.0
61,50,100.0
60,50,100.0
59,50,100.0
58,50,100.0
57,50,100.0
56,50,100.0
55,50,100.0
54,50,100.0
53,50,100.0
52,50,100.0
51,50,100.0
5,50,100.0
49,50,100.0
47,50,100.0
45,50,100.0
44,50,100.0
38,50,100.0
36,50,100.0
34,50,100.0
13,50,100.0
11,50,100.0
100,50,100.0
99,51,100.0
98,51,100.0
97,51,100.0
96,51,100.0
95,51,100.0
94,51,100.0
93,51,100.0
92,51,100.0
91,51,100.0
90,51,100.0
89,51,100.0
88,51,100.0
87,51,100.0
86,51,100.0
85,51,100.0
84,51,100.0
83,51,100.0
82,51,100.0
81,51,100.0
80,51,100.0
79,51,100.0
78,51,100.0
77,51,100.0
76,51,100.0
75,51,100.0
74,51,100.0
73,51,100.0
72,51,100.0
71,51,100.0
70,51,100.0
7,51,100.0
69,51,100.0
68,51,100.0
67,51,100.0
66,51,100.0
65,51,100.0
64,51,100.0
63,51,100.0
62,51,100.0
61,51,100.0
60,51,100.0
6,51,100.0
59,51,100.0
58,51,100.0
57,51,100.0
56,51,100.0
55,51,100.0
54,51,100.0
53,51,100.0
52,51,100.0
51,51,100.0
43,51,100.0
42,51,100.0
40,51,100.0
39,51,100.0
33,51,100.0
31,51,100.0
28,51,100.0
23,51,100.0
18,51,100.0
17,51,100.0
15,51,100.0
14,51,100.0
100,51,100.0
1,51,100.0
99,52,100.0
98,52,100.0
97,52,100.0
96,52,100.0
95,52,100.0
94,52,100.0
93,52,100.0
92,52,100.0
91,52,100.0
90,52,100.0
89,52,100.0
88,52,100.0
87,52,100.0
86,52,100.0
85,52,100.0
84,52,100.0
83,52,100.0
82,52,100.0
81,52,100.0
80,52,100.0
8,52,100.0
79,52,100.0
78,52,100.0
77,52,100.0
76,52,100.0
75,52,100.0
74,52,100.0
73,52,100.0
72,52,100.0
71,52,100.0
70,52,100.0
69,52,100.0
68,52,100.0
67,52,100.0
66,52,100.0
65,52,100.0
64,52,100.0
63,52,100.0
62,52,100.0
61,52,100.0
60,52,100.0
59,52,100.0
58,52,100.0
57,52,100.0
56,52,100.0
55,52,100.0
54,52,100.0
53,52,100.0
52,52,100.0
51,52,100.0
50,52,100.0
48,52,100.0
4,52,100.0
37,52,100.0
35,52,100.0
32,52,100.0
30,52,100.0
3,52,100.0
29,52,100.0
26,52,100.0
2,52,100.0
19,52,100.0
16,52,100.0
12,52,100.0
100,52,100.0
10,52,100.0
99,53,100.0
98,53,100.0
97,53,100.0
96,53,100.0
95,53,100.0
94,53,100.0
93,53,100.0
92,53,100.0
91,53,100.0
90,53,100.0
89,53,100.0
88,53,100.0
87,53,100.0
86,53,100.0
85,53,100.0
84,53,100.0
83,53,100.0
82,53,100.0
81,53,100.0
80,53,100.0
8,53,100.0
79,53,100.0
78,53,100.0
77,53,100.0
76,53,100.0
75,53,100.0
74,53,100.0
73,53,100.0
72,53,100.0
71,53,100.0
70,53,100.0
69,53,100.0
68,53,100.0
67,53,100.0
66,53,100.0
65,53,100.0
64,53,100.0
63,53,100.0
62,53,100.0
61,53,100.0
60,53,100.0
59,53,100.0
58,53,100.0
57,53,100.0
56,53,100.0
55,53,100.0
54,53,100.0
53,53,100.0
52,53,100.0
51,53,100.0
50,53,100.0
48,53,100.0
4,53,100.0
37,53,100.0
35,53,100.0
32,53,100.0
30,53,100.0
3,53,100.0
29,53,100.0
26,53,100.0
2,53,100.0
19,53,100.0
16,53,100.0
12,53,100.0
100,53,100.0
10,53,100.0
99,54,100.0
98,54,100.0
97,54,100.0
96,54,100.0
95,54,100.0
94,54,100.0
93,54,100.0
92,54,100.0
91,54,100.0
90,54,100.0
89,54,100.0
88,54,100.0
87,54,100.0
86,54,100.0
85,54,100.0
84,54,100.0
83,54,100.0
82,54,100.0
81,54,100.0
80,54,100.0
79,54,100.0
78,54,100.0
77,54,100.0
76,54,100.0
75,54,100.0
74,54,100.0
73,54,100.0
72,54,100.0
71,54,100.0
70,54,100.0
69,54,100.0
68,54,100.0
67,54,100.0
66,54,100.0
65,54,100.0
64,54,100.0
63,54,100.0
62,54,100.0
61,54,100.0
60,54,100.0
59,54,100.0
58,54,100.0
57,54,100.0
56,54,100.0
55,54,100.0
54,54,100.0
53,54,100.0
52,54,100.0
51,54,100.0
46,54,100.0
41,54,100.0
27,54,100.0
25,54,100.0
24,54,100.0
22,54,100.0
21,54,100.0
20,54,100.0
100,54,100.0
99,55,100.0
98,55,100.0
97,55,100.0
96,55,100.0
95,55,100.0
94,55,100.0
93,55,100.0
92,55,100.0
91,55,100.0
90,55,100.0
89,55,100.0
88,55,100.0
87,55,100.0
86,55,100.0
85,55,100.0
84,55,100.0
83,55,100.0
82,55,100.0
81,55,100.0
80,55,100.0
8,55,100.0
79,55,100.0
78,55,100.0
77,55,100.0
76,55,100.0
75,55,100.0
74,55,100.0
73,55,100.0
72,55,100.0
71,55,100.0
70,55,100.0
69,55,100.0
68,55,100.0
67,55,100.0
66,55,100.0
65,55,100.0
64,55,100.0
63,55,100.0
62,55,100.0
61,55,100.0
60,55,100.0
59,55,100.0
58,55,100.0
57,55,100.0
56,55,100.0
55,55,100.0
54,55,100.0
53,55,100.0
52,55,100.0
51,55,100.0
50,55,100.0
48,55,100.0
4,55,100.0
37,55,100.0
35,55,100.0
32,55,100.0
30,55,100.0
3,55,100.0
29,55,100.0
26,55,100.0
2,55,100.0
19,55,100.0
16,55,100.0
12,55,100.0
100,55,100.0
10,55,100.0
99,56,100.0
98,56,100.0
97,56,100.0
96,56,100.0
95,56,100.0
94,56,100.0
93,56,100.0
92,56,100.0
91,56,100.0
90,56,100.0
89,56,100.0
88,56,100.0
87,56,100.0
86,56,100.0
85,56,100.0
84,56,100.0
83,56,100.0
82,56,100.0
81,56,100.0
80,56,100.0
8,56,100.0
79,56,100.0
78,56,100.0
77,56,100.0
76,56,100.0
75,56,100.0
74,56,100.0
73,56,100.0
72,56,100.0
71,56,100.0
70,56,100.0
69,56,100.0
68,56,100.0
67,56,100.0
66,56,100.0
65,56,100.0
64,56,100.0
63,56,100.0
62,56,100.0
61,56,100.0
60,56,100.0
59,56,100.0
58,56,100.0
57,56,100.0
56,56,100.0
55,56,100.0
54,56,100.0
53,56,100.0
52,56,100.0
51,56,100.0
50,56,100.0
48,56,100.0
4,56,100.0
37,56,100.0
35,56,100.0
32,56,100.0
30,56,100.0
3,56,100.0
29,56,100.0
26,56,100.0
2,56,100.0
19,56,100.0
16,56,100.0
12,56,100.0
100,56,100.0
10,56,100.0
99,57,100.0
98,57,100.0
97,57,100.0
96,57,100.0
95,57,100.0
94,57,100.0
93,57,100.0
92,57,100.0
91,57,100.0
90,57,100.0
89,57,100.0
88,57,100.0
87,57,100.0
86,57,100.0
85,57,100.0
84,57,100.0
83,57,100.0
82,57,100.0
81,57,100.0
80,57,100.0
79,57,100.0
78,57,100.0
77,57,100.0
76,57,100.0
75,57,100.0
74,57,100.0
73,57,100.0
72,57,100.0
71,57,100.0
70,57,100.0
69,57,100.0
68,57,100.0
67,57,100.0
66,57,100.0
65,57,100.0
64,57,100.0
63,57,100.0
62,57,100.0
61,57,100.0
60,57,100.0
59,57,100.0
58,57,100.0
57,57,100.0
56,57,100.0
55,57,100.0
54,57,100.0
53,57,100.0
52,57,100.0
51,57,100.0
46,57,100.0
41,57,100.0
27,57,100.0
25,57,100.0
24,57,100.0
22,57,100.0
21,57,100.0
20,57,100.0
100,57,100.0
99,58,100.0
98,58,100.0
97,58,100.0
96,58,100.0
95,58,100.0
94,58,100.0
93,58,100.0
92,58,100.0
91,58,100.0
90,58,100.0
89,58,100.0
88,58,100.0
87,58,100.0
86,58,100.0
85,58,100.0
84,58,100.0
83,58,100.0
82,58,100.0
81,58,100.0
80,58,100.0
79,58,100.0
78,58,100.0
77,58,100.0
76,58,100.0
75,58,100.0
74,58,100.0
73,58,100.0
72,58,100.0
71,58,100.0
70,58,100.0
69,58,100.0
68,58,100.0
67,58,100.0
66,58,100.0
65,58,100.0
64,58,100.0
63,58,100.0
62,58,100.0
61,58,100.0
60,58,100.0
59,58,100.0
58,58,100.0
57,58,100.0
56,58,100.0
55,58,100.0
54,58,100.0
53,58,100.0
52,58,100.0
51,58,100.0
46,58,100.0
41,58,100.0
27,58,100.0
25,58,100.0
24,58,100.0
22,58,100.0
21,58,100.0
20,58,100.0
100,58,100.0
99,59,100.0
98,59,100.0
97,59,100.0
96,59,100.0
95,59,100.0
94,59,100.0
93,59,100.0
92,59,100.0
91,59,100.0
90,59,100.0
9,59,100.0
89,59,100.0
88,59,100.0
87,59,100.0
86,59,100.0
85,59,100.0
84,59,100.0
83,59,100.0
82,59,100.0
81,59,100.0
80,59,100.0
79,59,100.0
78,59,100.0
77,59,100.0
76,59,100.0
75,59,100.0
74,59,100.0
73,59,100.0
72,59,100.0
71,59,100.0
70,59,100.0
69,59,100.0
68,59,100.0
67,59,100.0
66,59,100.0
65,59,100.0
64,59,100.0
63,59,100.0
62,59,100.0
61,59,100.0
60,59,100.0
59,59,100.0
58,59,100.0
57,59,100.0
56,59,100.0
55,59,100.0
54,59,100.0
53,59,100.0
52,59,100.0
51,59,100.0
5,59,100.0
49,59,100.0
47,59,100.0
45,59,100.0
44,59,100.0
38,59,100.0
36,59,100.0
34,59,100.0
13,59,100.0
11,59,100.0
100,59,100.0
99,60,100.0
98,60,100.0
97,60,100.0
96,60,100.0
95,60,100.0
94,60,100.0
93,60,100.0
92,60,100.0
91,60,100.0
90,60,100.0
9,60,100.0
89,60,100.0
88,60,100.0
87,60,100.0
86,60,100.0
85,60,100.0
84,60,100.0
83,60,100.0
82,60,100.0
81,60,100.0
80,60,100.0
79,60,100.0
78,60,100.0
77,60,100.0
76,60,100.0
75,60,100.0
74,60,100.0
73,60,100.0
72,60,100.0
71,60,100.0
70,60,100.0
69,60,100.0
68,60,100.0
67,60,100.0
66,60,100.0
65,60,100.0
64,60,100.0
63,60,100.0
62,60,100.0
61,60,100.0
60,60,100.0
59,60,100.0
58,60,100.0
57,60,100.0
56,60,100.0
55,60,100.0
54,60,100.0
53,60,100.0
52,60,100.0
51,60,100.0
5,60,100.0
49,60,100.0
47,60,100.0
45,60,100.0
44,60,100.0
38,60,100.0
36,60,100.0
34,60,100.0
13,60,100.0
11,60,100.0
100,60,100.0
99,61,100.0
98,61,100.0
97,61,100.0
96,61,100.0
95,61,100.0
94,61,100.0
93,61,100.0
92,61,100.0
91,61,100.0
90,61,100.0
9,61,100.0
89,61,100.0
88,61,100.0
87,61,100.0
86,61,100.0
85,61,100.0
84,61,100.0
83,61,100.0
82,61,100.0
81,61,100.0
80,61,100.0
79,61,100.0
78,61,100.0
77,61,100.0
76,61,100.0
75,61,100.0
74,61,100.0
73,61,100.0
72,61,100.0
71,61,100.0
70,61,100.0
69,61,100.0
68,61,100.0
67,61,100.0
66,61,100.0
65,61,100.0
64,61,100.0
63,61,100.0
62,61,100.0
61,61,100.0
60,61,100.0
59,61,100.0
58,61,100.0
57,61,100.0
56,61,100.0
55,61,100.0
54,61,100.0
53,61,100.0
52,61,100.0
51,61,100.0
5,61,100.0
49,61,100.0
47,61,100.0
45,61,100.0
44,61,100.0
38,61,100.0
36,61,100.0
34,61,100.0
13,61,100.0
11,61,100.0
100,61,100.0
99,62,100.0
98,62,100.0
97,62,100.0
96,62,100.0
95,62,100.0
94,62,100.0
93,62,100.0
92,62,100.0
91,62,100.0
90,62,100.0
89,62,100.0
88,62,100.0
87,62,100.0
86,62,100.0
85,62,100.0
84,62,100.0
83,62,100.0
82,62,100.0
81,62,100.0
80,62,100.0
79,62,100.0
78,62,100.0
77,62,100.0
76,62,100.0
75,62,100.0
74,62,100.0
73,62,100.0
72,62,100.0
71,62,100.0
70,62,100.0
7,62,100.0
69,62,100.0
68,62,100.0
67,62,100.0
66,62,100.0
65,62,100.0
64,62,100.0
63,62,100.0
62,62,100.0
61,62,100.0
60,62,100.0
6,62,100.0
59,62,100.0
58,62,100.0
57,62,100.0
56,62,100.0
55,62,100.0
54,62,100.0
53,62,100.0
52,62,100.0
51,62,100.0
43,62,100.0
42,62,100.0
40,62,100.0
39,62,100.0
33,62,100.0
31,62,100.0
28,62,100.0
23,62,100.0
18,62,100.0
17,62,100.0
15,62,100.0
14,62,100.0
100,62,100.0
1,62,100.0
99,63,100.0
98,63,100.0
97,63,100.0
96,63,100.0
95,63,100.0
94,63,100.0
93,63,100.0
92,63,100.0
91,63,100.0
90,63,100.0
9,63,100.0
89,63,100.0
88,63,100.0
87,63,100.0
86,63,100.0
85,63,100.0
84,63,100.0
83,63,100.0
82,63,100.0
81,63,100.0
80,63,100.0
79,63,100.0
78,63,100.0
77,63,100.0
76,63,100.0
75,63,100.0
74,63,100.0
73,63,100.0
72,63,100.0
71,63,100.0
70,63,100.0
69,63,100.0
68,63,100.0
67,63,100.0
66,63,100.0
65,63,100.0
64,63,100.0
63,63,100.0
62,63,100.0
61,63,100.0
60,63,100.0
59,63,100.0
58,63,100.0
57,63,100.0
56,63,100.0
55,63,100.0
54,63,100.0
53,63,100.0
52,63,100.0
51,63,100.0
5,63,100.0
49,63,100.0
47,63,100.0
45,63,100.0
44,63,100.0
38,63,100.0
36,63,100.0
34,63,100.0
13,63,100.0
11,63,100.0
100,63,100.0
99,64,100.0
98,64,100.0
97,64,100.0
96,64,100.0
95,64,100.0
94,64,100.0
93,64,100.0
92,64,100.0
91,64,100.0
90,64,100.0
9,64,100.0
89,64,100.0
88,64,100.0
87,64,100.0
86,64,100.0
85,64,100.0
84,64,100.0
83,64,100.0
82,64,100.0
81,64,100.0
80,64,100.0
79,64,100.0
78,64,100.0
77,64,100.0
76,64,100.0
75,64,100.0
74,64,100.0
73,64,100.0
72,64,100.0
71,64,100.0
70,64,100.0
69,64,100.0
68,64,100.0
67,64,100.0
66,64,100.0
65,64,100.0
64,64,100.0
63,64,100.0
62,64,100.0
61,64,100.0
60,64,100.0
59,64,100.0
58,64,100.0
57,64,100.0
56,64,100.0
55,64,100.0
54,64,100.0
53,64,100.0
52,64,100.0
51,64,100.0
5,64,100.0
49,64,100.0
47,64,100.0
45,64,100.0
44,64,100.0
38,64,100.0
36,64,100.0
34,64,100.0
13,64,100.0
11,64,100.0
100,64,100.0
99,65,100.0
98,65,100.0
97,65,100.0
96,65,100.0
95,65,100.0
94,65,100.0
93,65,100.0
92,65,100.0
91,65,100.0
90,65,100.0
89,65,100.0
88,65,100.0
87,65,100.0
86,65,100.0
85,65,100.0
84,65,100.0
83,65,100.0
82,65,100.0
81,65,100.0
80,65,100.0
79,65,100.0
78,65,100.0
77,65,100.0
76,65,100.0
75,65,100.0
74,65,100.0
73,65,100.0
72,65,100.0
71,65,100.0
70,65,100.0
7,65,100.0
69,65,100.0
68,65,100.0
67,65,100.0
66,65,100.0
65,65,100.0
64,65,100.0
63,65,100.0
62,65,100.0
61,65,100.0
60,65,100.0
6,65,100.0
59,65,100.0
58,65,100.0
57,65,100.0
56,65,100.0
55,65,100.0
54,65,100.0
53,65,100.0
52,65,100.0
51,65,100.0
43,65,100.0
42,65,100.0
40,65,100.0
39,65,100.0
33,65,100.0
31,65,100.0
28,65,100.0
23,65,100.0
18,65,100.0
17,65,100.0
15,65,100.0
14,65,100.0
100,65,100.0
1,65,100.0
99,66,100.0
98,66,100.0
97,66,100.0
96,66,100.0
95,66,100.0
94,66,100.0
93,66,100.0
92,66,100.0
91,66,100.0
90,66,100.0
89,66,100.0
88,66,100.0
87,66,100.0
86,66,100.0
85,66,100.0
84,66,100.0
83,66,100.0
82,66,100.0
81,66,100.0
80,66,100.0
79,66,100.0
78,66,100.0
77,66,100.0
76,66,100.0
75,66,100.0
74,66,100.0
73,66,100.0
72,66,100.0
71,66,100.0
70,66,100.0
7,66,100.0
69,66,100.0
68,66,100.0
67,66,100.0
66,66,100.0
65,66,100.0
64,66,100.0
63,66,100.0
62,66,100.0
61,66,100.0
60,66,100.0
6,66,100.0
59,66,100.0
58,66,100.0
57,66,100.0
56,66,100.0
55,66,100.0
54,66,100.0
53,66,100.0
52,66,100.0
51,66,100.0
43,66,100.0
42,66,100.0
40,66,100.0
39,66,100.0
33,66,100.0
31,66,100.0
28,66,100.0
23,66,100.0
18,66,100.0
17,66,100.0
15,66,100.0
14,66,100.0
100,66,100.0
1,66,100.0
99,67,100.0
98,67,100.0
97,67,100.0
96,67,100.0
95,67,100.0
94,67,100.0
93,67,100.0
92,67,100.0
91,67,100.0
90,67,100.0
9,67,100.0
89,67,100.0
88,67,100.0
87,67,100.0
86,67,100.0
85,67,100.0
84,67,100.0
83,67,100.0
82,67,100.0
81,67,100.0
80,67,100.0
79,67,100.0
78,67,100.0
77,67,100.0
76,67,100.0
75,67,100.0
74,67,100.0
73,67,100.0
72,67,100.0
71,67,100.0
70,67,100.0
69,67,100.0
68,67,100.0
67,67,100.0
66,67,100.0
65,67,100.0
64,67,100.0
63,67,100.0
62,67,100.0
61,67,100.0
60,67,100.0
59,67,100.0
58,67,100.0
57,67,100.0
56,67,100.0
55,67,100.0
54,67,100.0
53,67,100.0
52,67,100.0
51,67,100.0
5,67,100.0
49,67,100.0
47,67,100.0
45,67,100.0
44,67,100.0
38,67,100.0
36,67,100.0
34,67,100.0
13,67,100.0
11,67,100.0
100,67,100.0
99,68,100.0
98,68,100.0
97,68,100.0
96,68,100.0
95,68,100.0
94,68,100.0
93,68,100.0
92,68,100.0
91,68,100.0
90,68,100.0
89,68,100.0
88,68,100.0
87,68,100.0
86,68,100.0
85,68,100.0
84,68,100.0
83,68,100.0
82,68,100.0
81,68,100.0
80,68,100.0
79,68,100.0
78,68,100.0
77,68,100.0
76,68,100.0
75,68,100.0
74,68,100.0
73,68,100.0
72,68,100.0
71,68,100.0
70,68,100.0
69,68,100.0
68,68,100.0
67,68,100.0
66,68,100.0
65,68,100.0
64,68,100.0
63,68,100.0
62,68,100.0
61,68,100.0
60,68,100.0
59,68,100.0
58,68,100.0
57,68,100.0
56,68,100.0
55,68,100.0
54,68,100.0
53,68,100.0
52,68,100.0
51,68,100.0
46,68,100.0
41,68,100.0
27,68,100.0
25,68,100.0
24,68,100.0
22,68,100.0
21,68,100.0
20,68,100.0
100,68,100.0
99,69,100.0
98,69,100.0
97,69,100.0
96,69,100.0
95,69,100.0
94,69,100.0
93,69,100.0
92,69,100.0
91,69,100.0
90,69,100.0
89,69,100.0
88,69,100.0
87,69,100.0
86,69,100.0
85,69,100.0
84,69,100.0
83,69,100.0
82,69,100.0
81,69,100.0
80,69,100.0
79,69,100.0
78,69,100.0
77,69,100.0
76,69,100.0
75,69,100.0
74,69,100.0
73,69,100.0
72,69,100.0
71,69,100.0
70,69,100.0
7,69,100.0
69,69,100.0
68,69,100.0
67,69,100.0
66,69,100.0
65,69,100.0
64,69,100.0
63,69,100.0
62,69,100.0
61,69,100.0
60,69,100.0
6,69,100.0
59,69,100.0
58,69,100.0
57,69,100.0
56,69,100.0
55,69,100.0
54,69,100.0
53,69,100.0
52,69,100.0
51,69,100.0
43,69,100.0
42,69,100.0
40,69,100.0
39,69,100.0
33,69,100.0
31,69,100.0
28,69,100.0
23,69,100.0
18,69,100.0
17,69,100.0
15,69,100.0
14,69,100.0
100,69,100.0
1,69,100.0
99,70,100.0
98,70,100.0
97,70,100.0
96,70,100.0
95,70,100.0
94,70,100.0
93,70,100.0
92,70,100.0
91,70,100.0
90,70,100.0
89,70,100.0
88,70,100.0
87,70,100.0
86,70,100.0
85,70,100.0
84,70,100.0
83,70,100.0
82,70,100.0
81,70,100.0
80,70,100.0
8,70,100.0
79,70,100.0
78,70,100.0
77,70,100.0
76,70,100.0
75,70,100.0
74,70,100.0
73,70,100.0
72,70,100.0
71,70,100.0
70,70,100.0
69,70,100.0
68,70,100.0
67,70,100.0
66,70,100.0
65,70,100.0
64,70,100.0
63,70,100.0
62,70,100.0
61,70,100.0
60,70,100.0
59,70,100.0
58,70,100.0
57,70,100.0
56,70,100.0
55,70,100.0
54,70,100.0
53,70,100.0
52,70,100.0
51,70,100.0
50,70,100.0
48,70,100.0
4,70,100.0
37,70,100.0
35,70,100.0
32,70,100.0
30,70,100.0
3,70,100.0
29,70,100.0
26,70,100.0
2,70,100.0
19,70,100.0
16,70,100.0
12,70,100.0
100,70,100.0
10,70,100.0
99,71,100.0
98,71,100.0
97,71,100.0
96,71,100.0
95,71,100.0
94,71,100.0
93,71,100.0
92,71,100.0
91,71,100.0
90,71,100.0
89,71,100.0
88,71,100.0
87,71,100.0
86,71,100.0
85,71,100.0
84,71,100.0
83,71,100.0
82,71,100.0
81,71,100.0
80,71,100.0
79,71,100.0
78,71,100.0
77,71,100.0
76,71,100.0
75,71,100.0
74,71,100.0
73,71,100.0
72,71,100.0
71,71,100.0
70,71,100.0
69,71,100.0
68,71,100.0
67,71,100.0
66,71,100.0
65,71,100.0
64,71,100.0
63,71,100.0
62,71,100.0
61,71,100.0
60,71,100.0
59,71,100.0
58,71,100.0
57,71,100.0
56,71,100.0
55,71,100.0
54,71,100.0
53,71,100.0
52,71,100.0
51,71,100.0
46,71,100.0
41,71,100.0
27,71,100.0
25,71,100.0
24,71,100.0
22,71,100.0
21,71,100.0
20,71,100.0
100,71,100.0
99,72,100.0
98,72,100.0
97,72,100.0
96,72,100.0
95,72,100.0
94,72,100.0
93,72,100.0
92,72,100.0
91,72,100.0
90,72,100.0
89,72,100.0
88,72,100.0
87,72,100.0
86,72,100.0
85,72,100.0
84,72,100.0
83,72,100.0
82,72,100.0
81,72,100.0
80,72,100.0
8,72,100.0
79,72,100.0
78,72,100.0
77,72,100.0
76,72,100.0
75,72,100.0
74,72,100.0
73,72,100.0
72,72,100.0
71,72,100.0
70,72,100.0
69,72,100.0
68,72,100.0
67,72,100.0
66,72,100.0
65,72,100.0
64,72,100.0
63,72,100.0
62,72,100.0
61,72,100.0
60,72,100.0
59,72,100.0
58,72,100.0
57,72,100.0
56,72,100.0
55,72,100.0
54,72,100.0
53,72,100.0
52,72,100.0
51,72,100.0
50,72,100.0
48,72,100.0
4,72,100.0
37,72,100.0
35,72,100.0
32,72,100.0
30,72,100.0
3,72,100.0
29,72,100.0
26,72,100.0
2,72,100.0
19,72,100.0
16,72,100.0
12,72,100.0
100,72,100.0
10,72,100.0
99,73,100.0
98,73,100.0
97,73,100.0
96,73,100.0
95,73,100.0
94,73,100.0
93,73,100.0
92,73,100.0
91,73,100.0
90,73,100.0
9,73,100.0
89,73,100.0
88,73,100.0
87,73,100.0
86,73,100.0
85,73,100.0
84,73,100.0
83,73,100.0
82,73,100.0
81,73,100.0
80,73,100.0
79,73,100.0
78,73,100.0
77,73,100.0
76,73,100.0
75,73,100.0
74,73,100.0
73,73,100.0
72,73,100.0
71,73,100.0
70,73,100.0
69,73,100.0
68,73,100.0
67,73,100.0
66,73,100.0
65,73,100.0
64,73,100.0
63,73,100.0
62,73,100.0
61,73,100.0
60,73,100.0
59,73,100.0
58,73,100.0
57,73,100.0
56,73,100.0
55,73,100.0
54,73,100.0
53,73,100.0
52,73,100.0
51,73,100.0
5,73,100.0
49,73,100.0
47,73,100.0
45,73,100.0
44,73,100.0
38,73,100.0
36,73,100.0
34,73,100.0
13,73,100.0
11,73,100.0
100,73,100.0
99,74,100.0
98,74,100.0
97,74,100.0
96,74,100.0
95,74,100.0
94,74,100.0
93,74,100.0
92,74,100.0
91,74,100.0
90,74,100.0
89,74,100.0
88,74,100.0
87,74,100.0
86,74,100.0
85,74,100.0
84,74,100.0
83,74,100.0
82,74,100.0
81,74,100.0
80,74,100.0
79,74,100.0
78,74,100.0
77,74,100.0
76,74,100.0
75,74,100.0
74,74,100.0
73,74,100.0
72,74,100.0
71,74,100.0
70,74,100.0
7,74,100.0
69,74,100.0
68,74,100.0
67,74,100.0
66,74,100.0
65,74,100.0
64,74,100.0
63,74,100.0
62,74,100.0
61,74,100.0
60,74,100.0
6,74,100.0
59,74,100.0
58,74,100.0
57,74,100.0
56,74,100.0
55,74,100.0
54,74,100.0
53,74,100.0
52,74,100.0
51,74,100.0
43,74,100.0
42,74,100.0
40,74,100.0
39,74,100.0
33,74,100.0
31,74,100.0
28,74,100.0
23,74,100.0
18,74,100.0
17,74,100.0
15,74,100.0
14,74,100.0
100,74,100.0
1,74,100.0
99,75,100.0
98,75,100.0
97,75,100.0
96,75,100.0
95,75,100.0
94,75,100.0
93,75,100.0
92,75,100.0
91,75,100.0
90,75,100.0
89,75,100.0
88,75,100.0
87,75,100.0
86,75,100.0
85,75,100.0
84,75,100.0
83,75,100.0
82,75,100.0
81,75,100.0
80,75,100.0
79,75,100.0
78,75,100.0
77,75,100.0
76,75,100.0
75,75,100.0
74,75,100.0
73,75,100.0
72,75,100.0
71,75,100.0
70,75,100.0
7,75,100.0
69,75,100.0
68,75,100.0
67,75,100.0
66,75,100.0
65,75,100.0
64,75,100.0
63,75,100.0
62,75,100.0
61,75,100.0
60,75,100.0
6,75,100.0
59,75,100.0
58,75,100.0
57,75,100.0
56,75,100.0
55,75,100.0
54,75,100.0
53,75,100.0
52,75,100.0
51,75,100.0
43,75,100.0
42,75,100.0
40,75,100.0
39,75,100.0
33,75,100.0
31,75,100.0
28,75,100.0
23,75,100.0
18,75,100.0
17,75,100.0
15,75,100.0
14,75,100.0
100,75,100.0
1,75,100.0
99,76,100.0
98,76,100.0
97,76,100.0
96,76,100.0
95,76,100.0
94,76,100.0
93,76,100.0
92,76,100.0
91,76,100.0
90,76,100.0
89,76,100.0
88,76,100.0
87,76,100.0
86,76,100.0
85,76,100.0
84,76,100.0
83,76,100.0
82,76,100.0
81,76,100.0
80,76,100.0
79,76,100.0
78,76,100.0
77,76,100.0
76,76,100.0
75,76,100.0
74,76,100.0
73,76,100.0
72,76,100.0
71,76,100.0
70,76,100.0
7,76,100.0
69,76,100.0
68,76,100.0
67,76,100.0
66,76,100.0
65,76,100.0
64,76,100.0
63,76,100.0
62,76,100.0
61,76,100.0
60,76,100.0
6,76,100.0
59,76,100.0
58,76,100.0
57,76,100.0
56,76,100.0
55,76,100.0
54,76,100.0
53,76,100.0
52,76,100.0
51,76,100.0
43,76,100.0
42,76,100.0
40,76,100.0
39,76,100.0
33,76,100.0
31,76,100.0
28,76,100.0
23,76,100.0
18,76,100.0
17,76,100.0
15,76,100.0
14,76,100.0
100,76,100.0
1,76,100.0
99,77,100.0
98,77,100.0
97,77,100.0
96,77,100.0
95,77,100.0
94,77,100.0
93,77,100.0
92,77,100.0
91,77,100.0
90,77,100.0
9,77,100.0
89,77,100.0
88,77,100.0
87,77,100.0
86,77,100.0
85,77,100.0
84,77,100.0
83,77,100.0
82,77,100.0
81,77,100.0
80,77,100.0
79,77,100.0
78,77,100.0
77,77,100.0
76,77,100.0
75,77,100.0
74,77,100.0
73,77,100.0
72,77,100.0
71,77,100.0
70,77,100.0
69,77,100.0
68,77,100.0
67,77,100.0
66,77,100.0
65,77,100.0
64,77,100.0
63,77,100.0
62,77,100.0
61,77,100.0
60,77,100.0
59,77,100.0
58,77,100.0
57,77,100.0
56,77,100.0
55,77,100.0
54,77,100.0
53,77,100.0
52,77,100.0
51,77,100.0
5,77,100.0
49,77,100.0
47,77,100.0
45,77,100.0
44,77,100.0
38,77,100.0
36,77,100.0
34,77,100.0
13,77,100.0
11,77,100.0
100,77,100.0
99,78,100.0
98,78,100.0
97,78,100.0
96,78,100.0
95,78,100.0
94,78,100.0
93,78,100.0
92,78,100.0
91,78,100.0
90,78,100.0
89,78,100.0
88,78,100.0
87,78,100.0
86,78,100.0
85,78,100.0
84,78,100.0
83,78,100.0
82,78,100.0
81,78,100.0
80,78,100.0
8,78,100.0
79,78,100.0
78,78,100.0
77,78,100.0
76,78,100.0
75,78,100.0
74,78,100.0
73,78,100.0
72,78,100.0
71,78,100.0
70,78,100.0
69,78,100.0
68,78,100.0
67,78,100.0
66,78,100.0
65,78,100.0
64,78,100.0
63,78,100.0
62,78,100.0
61,78,100.0
60,78,100.0
59,78,100.0
58,78,100.0
57,78,100.0
56,78,100.0
55,78,100.0
54,78,100.0
53,78,100.0
52,78,100.0
51,78,100.0
50,78,100.0
48,78,100.0
4,78,100.0
37,78,100.0
35,78,100.0
32,78,100.0
30,78,100.0
3,78,100.0
29,78,100.0
26,78,100.0
2,78,100.0
19,78,100.0
16,78,100.0
12,78,100.0
100,78,100.0
10,78,100.0
99,79,100.0
98,79,100.0
97,79,100.0
96,79,100.0
95,79,100.0
94,79,100.0
93,79,100.0
92,79,100.0
91,79,100.0
90,79,100.0
89,79,100.0
88,79,100.0
87,79,100.0
86,79,100.0
85,79,100.0
84,79,100.0
83,79,100.0
82,79,100.0
81,79,100.0
80,79,100.0
8,79,100.0
79,79,100.0
78,79,100.0
77,79,100.0
76,79,100.0
75,79,100.0
74,79,100.0
73,79,100.0
72,79,100.0
71,79,100.0
70,79,100.0
69,79,100.0
68,79,100.0
67,79,100.0
66,79,100.0
65,79,100.0
64,79,100.0
63,79,100.0
62,79,100.0
61,79,100.0
60,79,100.0
59,79,100.0
58,79,100.0
57,79,100.0
56,79,100.0
55,79,100.0
54,79,100.0
53,79,100.0
52,79,100.0
51,79,100.0
50,79,100.0
48,79,100.0
4,79,100.0
37,79,100.0
35,79,100.0
32,79,100.0
30,79,100.0
3,79,100.0
29,79,100.0
26,79,100.0
2,79,100.0
19,79,100.0
16,79,100.0
12,79,100.0
100,79,100.0
10,79,100.0
99,80,100.0
98,80,100.0
97,80,100.0
96,80,100.0
95,80,100.0
94,80,100.0
93,80,100.0
92,80,100.0
91,80,100.0
90,80,100.0
89,80,100.0
88,80,100.0
87,80,100.0
86,80,100.0
85,80,100.0
84,80,100.0
83,80,100.0
82,80,100.0
81,80,100.0
80,80,100.0
8,80,100.0
79,80,100.0
78,80,100.0
77,80,100.0
76,80,100.0
75,80,100.0
74,80,100.0
73,80,100.0
72,80,100.0
71,80,100.0
70,80,100.0
69,80,100.0
68,80,100.0
67,80,100.0
66,80,100.0
65,80,100.0
64,80,100.0
63,80,100.0
62,80,100.0
61,80,100.0
60,80,100.0
59,80,100.0
58,80,100.0
57,80,100.0
56,80,100.0
55,80,100.0
54,80,100.0
53,80,100.0
52,80,100.0
51,80,100.0
50,80,100.0
48,80,100.0
4,80,100.0
37,80,100.0
35,80,100.0
32,80,100.0
30,80,100.0
3,80,100.0
29,80,100.0
26,80,100.0
2,80,100.0
19,80,100.0
16,80,100.0
12,80,100.0
100,80,100.0
10,80,100.0
99,81,100.0
98,81,100.0
97,81,100.0
96,81,100.0
95,81,100.0
94,81,100.0
93,81,100.0
92,81,100.0
91,81,100.0
90,81,100.0
89,81,100.0
88,81,100.0
87,81,100.0
86,81,100.0
85,81,100.0
84,81,100.0
83,81,100.0
82,81,100.0
81,81,100.0
80,81,100.0
8,81,100.0
79,81,100.0
78,81,100.0
77,81,100.0
76,81,100.0
75,81,100.0
74,81,100.0
73,81,100.0
72,81,100.0
71,81,100.0
70,81,100.0
69,81,100.0
68,81,100.0
67,81,100.0
66,81,100.0
65,81,100.0
64,81,100.0
63,81,100.0
62,81,100.0
61,81,100.0
60,81,100.0
59,81,100.0
58,81,100.0
57,81,100.0
56,81,100.0
55,81,100.0
54,81,100.0
53,81,100.0
52,81,100.0
51,81,100.0
50,81,100.0
48,81,100.0
4,81,100.0
37,81,100.0
35,81,100.0
32,81,100.0
30,81,100.0
3,81,100.0
29,81,100.0
26,81,100.0
2,81,100.0
19,81,100.0
16,81,100.0
12,81,100.0
100,81,100.0
10,81,100.0
99,82,100.0
98,82,100.0
97,82,100.0
96,82,100.0
95,82,100.0
94,82,100.0
93,82,100.0
92,82,100.0
91,82,100.0
90,82,100.0
89,82,100.0
88,82,100.0
87,82,100.0
86,82,100.0
85,82,100.0
84,82,100.0
83,82,100.0
82,82,100.0
81,82,100.0
80,82,100.0
8,82,100.0
79,82,100.0
78,82,100.0
77,82,100.0
76,82,100.0
75,82,100.0
74,82,100.0
73,82,100.0
72,82,100.0
71,82,100.0
70,82,100.0
69,82,100.0
68,82,100.0
67,82,100.0
66,82,100.0
65,82,100.0
64,82,100.0
63,82,100.0
62,82,100.0
61,82,100.0
60,82,100.0
59,82,100.0
58,82,100.0
57,82,100.0
56,82,100.0
55,82,100.0
54,82,100.0
53,82,100.0
52,82,100.0
51,82,100.0
50,82,100.0
48,82,100.0
4,82,100.0
37,82,100.0
35,82,100.0
32,82,100.0
30,82,100.0
3,82,100.0
29,82,100.0
26,82,100.0
2,82,100.0
19,82,100.0
16,82,100.0
12,82,100.0
100,82,100.0
10,82,100.0
99,83,100.0
98,83,100.0
97,83,100.0
96,83,100.0
95,83,100.0
94,83,100.0
93,83,100.0
92,83,100.0
91,83,100.0
90,83,100.0
89,83,100.0
88,83,100.0
87,83,100.0
86,83,100.0
85,83,100.0
84,83,100.0
83,83,100.0
82,83,100.0
81,83,100.0
80,83,100.0
79,83,100.0
78,83,100.0
77,83,100.0
76,83,100.0
75,83,100.0
74,83,100.0
73,83,100.0
72,83,100.0
71,83,100.0
70,83,100.0
69,83,100.0
68,83,100.0
67,83,100.0
66,83,100.0
65,83,100.0
64,83,100.0
63,83,100.0
62,83,100.0
61,83,100.0
60,83,100.0
59,83,100.0
58,83,100.0
57,83,100.0
56,83,100.0
55,83,100.0
54,83,100.0
53,83,100.0
52,83,100.0
51,83,100.0
46,83,100.0
41,83,100.0
27,83,100.0
25,83,100.0
24,83,100.0
22,83,100.0
21,83,100.0
20,83,100.0
100,83,100.0
99,84,100.0
98,84,100.0
97,84,100.0
96,84,100.0
95,84,100.0
94,84,100.0
93,84,100.0
92,84,100.0
91,84,100.0
90,84,100.0
89,84,100.0
88,84,100.0
87,84,100.0
86,84,100.0
85,84,100.0
84,84,100.0
83,84,100.0
82,84,100.0
81,84,100.0
80,84,100.0
79,84,100.0
78,84,100.0
77,84,100.0
76,84,100.0
75,84,100.0
74,84,100.0
73,84,100.0
72,84,100.0
71,84,100.0
70,84,100.0
7,84,100.0
69,84,100.0
68,84,100.0
67,84,100.0
66,84,100.0
65,84,100.0
64,84,100.0
63,84,100.0
62,84,100.0
61,84,100.0
60,84,100.0
6,84,100.0
59,84,100.0
58,84,100.0
57,84,100.0
56,84,100.0
55,84,100.0
54,84,100.0
53,84,100.0
52,84,100.0
51,84,100.0
43,84,100.0
42,84,100.0
40,84,100.0
39,84,100.0
33,84,100.0
31,84,100.0
28,84,100.0
23,84,100.0
18,84,100.0
17,84,100.0
15,84,100.0
14,84,100.0
100,84,100.0
1,84,100.0
99,85,100.0
98,85,100.0
97,85,100.0
96,85,100.0
95,85,100.0
94,85,100.0
93,85,100.0
92,85,100.0
91,85,100.0
90,85,100.0
89,85,100.0
88,85,100.0
87,85,100.0
86,85,100.0
85,85,100.0
84,85,100.0
83,85,100.0
82,85,100.0
81,85,100.0
80,85,100.0
79,85,100.0
78,85,100.0
77,85,100.0
76,85,100.0
75,85,100.0
74,85,100.0
73,85,100.0
72,85,100.0
71,85,100.0
70,85,100.0
69,85,100.0
68,85,100.0
67,85,100.0
66,85,100.0
65,85,100.0
64,85,100.0
63,85,100.0
62,85,100.0
61,85,100.0
60,85,100.0
59,85,100.0
58,85,100.0
57,85,100.0
56,85,100.0
55,85,100.0
54,85,100.0
53,85,100.0
52,85,100.0
51,85,100.0
46,85,100.0
41,85,100.0
27,85,100.0
25,85,100.0
24,85,100.0
22,85,100.0
21,85,100.0
20,85,100.0
100,85,100.0
99,86,100.0
98,86,100.0
97,86,100.0
96,86,100.0
95,86,100.0
94,86,100.0
93,86,100.0
92,86,100.0
91,86,100.0
90,86,100.0
89,86,100.0
88,86,100.0
87,86,100.0
86,86,100.0
85,86,100.0
84,86,100.0
83,86,100.0
82,86,100.0
81,86,100.0
80,86,100.0
79,86,100.0
78,86,100.0
77,86,100.0
76,86,100.0
75,86,100.0
74,86,100.0
73,86,100.0
72,86,100.0
71,86,100.0
70,86,100.0
69,86,100.0
68,86,100.0
67,86,100.0
66,86,100.0
65,86,100.0
64,86,100.0
63,86,100.0
62,86,100.0
61,86,100.0
60,86,100.0
59,86,100.0
58,86,100.0
57,86,100.0
56,86,100.0
55,86,100.0
54,86,100.0
53,86,100.0
52,86,100.0
51,86,100.0
46,86,100.0
41,86,100.0
27,86,100.0
25,86,100.0
24,86,100.0
22,86,100.0
21,86,100.0
20,86,100.0
100,86,100.0
99,87,100.0
98,87,100.0
97,87,100.0
96,87,100.0
95,87,100.0
94,87,100.0
93,87,100.0
92,87,100.0
91,87,100.0
90,87,100.0
89,87,100.0
88,87,100.0
87,87,100.0
86,87,100.0
85,87,100.0
84,87,100.0
83,87,100.0
82,87,100.0
81,87,100.0
80,87,100.0
79,87,100.0
78,87,100.0
77,87,100.0
76,87,100.0
75,87,100.0
74,87,100.0
73,87,100.0
72,87,100.0
71,87,100.0
70,87,100.0
69,87,100.0
68,87,100.0
67,87,100.0
66,87,100.0
65,87,100.0
64,87,100.0
63,87,100.0
62,87,100.0
61,87,100.0
60,87,100.0
59,87,100.0
58,87,100.0
57,87,100.0
56,87,100.0
55,87,100.0
54,87,100.0
53,87,100.0
52,87,100.0
51,87,100.0
46,87,100.0
41,87,100.0
27,87,100.0
25,87,100.0
24,87,100.0
22,87,100.0
21,87,100.0
20,87,100.0
100,87,100.0
99,88,100.0
98,88,100.0
97,88,100.0
96,88,100.0
95,88,100.0
94,88,100.0
93,88,100.0
92,88,100.0
91,88,100.0
90,88,100.0
89,88,100.0
88,88,100.0
87,88,100.0
86,88,100.0
85,88,100.0
84,88,100.0
83,88,100.0
82,88,100.0
81,88,100.0
80,88,100.0
79,88,100.0
78,88,100.0
77,88,100.0
76,88,100.0
75,88,100.0
74,88,100.0
73,88,100.0
72,88,100.0
71,88,100.0
70,88,100.0
7,88,100.0
69,88,100.0
68,88,100.0
67,88,100.0
66,88,100.0
65,88,100.0
64,88,100.0
63,88,100.0
62,88,100.0
61,88,100.0
60,88,100.0
6,88,100.0
59,88,100.0
58,88,100.0
57,88,100.0
56,88,100.0
55,88,100.0
54,88,100.0
53,88,100.0
52,88,100.0
51,88,100.0
43,88,100.0
42,88,100.0
40,88,100.0
39,88,100.0
33,88,100.0
31,88,100.0
28,88,100.0
23,88,100.0
18,88,100.0
17,88,100.0
15,88,100.0
14,88,100.0
100,88,100.0
1,88,100.0
99,89,100.0
98,89,100.0
97,89,100.0
96,89,100.0
95,89,100.0
94,89,100.0
93,89,100.0
92,89,100.0
91,89,100.0
90,89,100.0
89,89,100.0
88,89,100.0
87,89,100.0
86,89,100.0
85,89,100.0
84,89,100.0
83,89,100.0
82,89,100.0
81,89,100.0
80,89,100.0
79,89,100.0
78,89,100.0
77,89,100.0
76,89,100.0
75,89,100.0
74,89,100.0
73,89,100.0
72,89,100.0
71,89,100.0
70,89,100.0
7,89,100.0
69,89,100.0
68,89,100.0
67,89,100.0
66,89,100.0
65,89,100.0
64,89,100.0
63,89,100.0
62,89,100.0
61,89,100.0
60,89,100.0
6,89,100.0
59,89,100.0
58,89,100.0
57,89,100.0
56,89,100.0
55,89,100.0
54,89,100.0
53,89,100.0
52,89,100.0
51,89,100.0
43,89,100.0
42,89,100.0
40,89,100.0
39,89,100.0
33,89,100.0
31,89,100.0
28,89,100.0
23,89,100.0
18,89,100.0
17,89,100.0
15,89,100.0
14,89,100.0
100,89,100.0
1,89,100.0
99,90,100.0
98,90,100.0
97,90,100.0
96,90,100.0
95,90,100.0
94,90,100.0
93,90,100.0
92,90,100.0
91,90,100.0
90,90,100.0
89,90,100.0
88,90,100.0
87,90,100.0
86,90,100.0
85,90,100.0
84,90,100.0
83,90,100.0
82,90,100.0
81,90,100.0
80,90,100.0
8,90,100.0
79,90,100.0
78,90,100.0
77,90,100.0
76,90,100.0
75,90,100.0
74,90,100.0
73,90,100.0
72,90,100.0
71,90,100.0
70,90,100.0
69,90,100.0
68,90,100.0
67,90,100.0
66,90,100.0
65,90,100.0
64,90,100.0
63,90,100.0
62,90,100.0
61,90,100.0
60,90,100.0
59,90,100.0
58,90,100.0
57,90,100.0
56,90,100.0
55,90,100.0
54,90,100.0
53,90,100.0
52,90,100.0
51,90,100.0
50,90,100.0
48,90,100.0
4,90,100.0
37,90,100.0
35,90,100.0
32,90,100.0
30,90,100.0
3,90,100.0
29,90,100.0
26,90,100.0
2,90,100.0
19,90,100.0
16,90,100.0
12,90,100.0
100,90,100.0
10,90,100.0
99,91,100.0
98,91,100.0
97,91,100.0
96,91,100.0
95,91,100.0
94,91,100.0
93,91,100.0
92,91,100.0
91,91,100.0
90,91,100.0
89,91,100.0
88,91,100.0
87,91,100.0
86,91,100.0
85,91,100.0
84,91,100.0
83,91,100.0
82,91,100.0
81,91,100.0
80,91,100.0
79,91,100.0
78,91,100.0
77,91,100.0
76,91,100.0
75,91,100.0
74,91,100.0
73,91,100.0
72,91,100.0
71,91,100.0
70,91,100.0
69,91,100.0
68,91,100.0
67,91,100.0
66,91,100.0
65,91,100.0
64,91,100.0
63,91,100.0
62,91,100.0
61,91,100.0
60,91,100.0
59,91,100.0
58,91,100.0
57,91,100.0
56,91,100.0
55,91,100.0
54,91,100.0
53,91,100.0
52,91,100.0
51,91,100.0
46,91,100.0
41,91,100.0
27,91,100.0
25,91,100.0
24,91,100.0
22,91,100.0
21,91,100.0
20,91,100.0
100,91,100.0
99,92,100.0
98,92,100.0
97,92,100.0
96,92,100.0
95,92,100.0
94,92,100.0
93,92,100.0
92,92,100.0
91,92,100.0
90,92,100.0
89,92,100.0
88,92,100.0
87,92,100.0
86,92,100.0
85,92,100.0
84,92,100.0
83,92,100.0
82,92,100.0
81,92,100.0
80,92,100.0
79,92,100.0
78,92,100.0
77,92,100.0
76,92,100.0
75,92,100.0
74,92,100.0
73,92,100.0
72,92,100.0
71,92,100.0
70,92,100.0
7,92,100.0
69,92,100.0
68,92,100.0
67,92,100.0
66,92,100.0
65,92,100.0
64,92,100.0
63,92,100.0
62,92,100.0
61,92,100.0
60,92,100.0
6,92,100.0
59,92,100.0
58,92,100.0
57,92,100.0
56,92,100.0
55,92,100.0
54,92,100.0
53,92,100.0
52,92,100.0
51,92,100.0
43,92,100.0
42,92,100.0
40,92,100.0
39,92,100.0
33,92,100.0
31,92,100.0
28,92,100.0
23,92,100.0
18,92,100.0
17,92,100.0
15,92,100.0
14,92,100.0
100,92,100.0
1,92,100.0
99,93,100.0
98,93,100.0
97,93,100.0
96,93,100.0
95,93,100.0
94,93,100.0
93,93,100.0
92,93,100.0
91,93,100.0
90,93,100.0
89,93,100.0
88,93,100.0
87,93,100.0
86,93,100.0
85,93,100.0
84,93,100.0
83,93,100.0
82,93,100.0
81,93,100.0
80,93,100.0
79,93,100.0
78,93,100.0
77,93,100.0
76,93,100.0
75,93,100.0
74,93,100.0
73,93,100.0
72,93,100.0
71,93,100.0
70,93,100.0
7,93,100.0
69,93,100.0
68,93,100.0
67,93,100.0
66,93,100.0
65,93,100.0
64,93,100.0
63,93,100.0
62,93,100.0
61,93,100.0
60,93,100.0
6,93,100.0
59,93,100.0
58,93,100.0
57,93,100.0
56,93,100.0
55,93,100.0
54,93,100.0
53,93,100.0
52,93,100.0
51,93,100.0
43,93,100.0
42,93,100.0
40,93,100.0
39,93,100.0
33,93,100.0
31,93,100.0
28,93,100.0
23,93,100.0
18,93,100.0
17,93,100.0
15,93,100.0
14,93,100.0
100,93,100.0
1,93,100.0
99,94,100.0
98,94,100.0
97,94,100.0
96,94,100.0
95,94,100.0
94,94,100.0
93,94,100.0
92,94,100.0
91,94,100.0
90,94,100.0
9,94,100.0
89,94,100.0
88,94,100.0
87,94,100.0
86,94,100.0
85,94,100.0
84,94,100.0
83,94,100.0
82,94,100.0
81,94,100.0
80,94,100.0
79,94,100.0
78,94,100.0
77,94,100.0
76,94,100.0
75,94,100.0
74,94,100.0
73,94,100.0
72,94,100.0
71,94,100.0
70,94,100.0
69,94,100.0
68,94,100.0
67,94,100.0
66,94,100.0
65,94,100.0
64,94,100.0
63,94,100.0
62,94,100.0
61,94,100.0
60,94,100.0
59,94,100.0
58,94,100.0
57,94,100.0
56,94,100.0
55,94,100.0
54,94,100.0
53,94,100.0
52,94,100.0
51,94,100.0
5,94,100.0
49,94,100.0
47,94,100.0
45,94,100.0
44,94,100.0
38,94,100.0
36,94,100.0
34,94,100.0
13,94,100.0
11,94,100.0
100,94,100.0
99,95,100.0
98,95,100.0
97,95,100.0
96,95,100.0
95,95,100.0
94,95,100.0
93,95,100.0
92,95,100.0
91,95,100.0
90,95,100.0
89,95,100.0
88,95,100.0
87,95,100.0
86,95,100.0
85,95,100.0
84,95,100.0
83,95,100.0
82,95,100.0
81,95,100.0
80,95,100.0
79,95,100.0
78,95,100.0
77,95,100.0
76,95,100.0
75,95,100.0
74,95,100.0
73,95,100.0
72,95,100.0
71,95,100.0
70,95,100.0
69,95,100.0
68,95,100.0
67,95,100.0
66,95,100.0
65,95,100.0
64,95,100.0
63,95,100.0
62,95,100.0
61,95,100.0
60,95,100.0
59,95,100.0
58,95,100.0
57,95,100.0
56,95,100.0
55,95,100.0
54,95,100.0
53,95,100.0
52,95,100.0
51,95,100.0
46,95,100.0
41,95,100.0
27,95,100.0
25,95,100.0
24,95,100.0
22,95,100.0
21,95,100.0
20,95,100.0
100,95,100.0
99,96,100.0
98,96,100.0
97,96,100.0
96,96,100.0
95,96,100.0
94,96,100.0
93,96,100.0
92,96,100.0
91,96,100.0
90,96,100.0
89,96,100.0
88,96,100.0
87,96,100.0
86,96,100.0
85,96,100.0
84,96,100.0
83,96,100.0
82,96,100.0
81,96,100.0
80,96,100.0
79,96,100.0
78,96,100.0
77,96,100.0
76,96,100.0
75,96,100.0
74,96,100.0
73,96,100.0
72,96,100.0
71,96,100.0
70,96,100.0
69,96,100.0
68,96,100.0
67,96,100.0
66,96,100.0
65,96,100.0
64,96,100.0
63,96,100.0
62,96,100.0
61,96,100.0
60,96,100.0
59,96,100.0
58,96,100.0
57,96,100.0
56,96,100.0
55,96,100.0
54,96,100.0
53,96,100.0
52,96,100.0
51,96,100.0
46,96,100.0
41,96,100.0
27,96,100.0
25,96,100.0
24,96,100.0
22,96,100.0
21,96,100.0
20,96,100.0
100,96,100.0
99,97,100.0
98,97,100.0
97,97,100.0
96,97,100.0
95,97,100.0
94,97,100.0
93,97,100.0
92,97,100.0
91,97,100.0
90,97,100.0
89,97,100.0
88,97,100.0
87,97,100.0
86,97,100.0
85,97,100.0
84,97,100.0
83,97,100.0
82,97,100.0
81,97,100.0
80,97,100.0
79,97,100.0
78,97,100.0
77,97,100.0
76,97,100.0
75,97,100.0
74,97,100.0
73,97,100.0
72,97,100.0
71,97,100.0
70,97,100.0
7,97,100.0
69,97,100.0
68,97,100.0
67,97,100.0
66,97,100.0
65,97,100.0
64,97,100.0
63,97,100.0
62,97,100.0
61,97,100.0
60,97,100.0
6,97,100.0
59,97,100.0
58,97,100.0
57,97,100.0
56,97,100.0
55,97,100.0
54,97,100.0
53,97,100.0
52,97,100.0
51,97,100.0
43,97,100.0
42,97,100.0
40,97,100.0
39,97,100.0
33,97,100.0
31,97,100.0
28,97,100.0
23,97,100.0
18,97,100.0
17,97,100.0
15,97,100.0
14,97,100.0
100,97,100.0
1,97,100.0
99,98,100.0
98,98,100.0
97,98,100.0
96,98,100.0
95,98,100.0
94,98,100.0
93,98,100.0
92,98,100.0
91,98,100.0
90,98,100.0
89,98,100.0
88,98,100.0
87,98,100.0
86,98,100.0
85,98,100.0
84,98,100.0
83,98,100.0
82,98,100.0
81,98,100.0
80,98,100.0
79,98,100.0
78,98,100.0
77,98,100.0
76,98,100.0
75,98,100.0
74,98,100.0
73,98,100.0
72,98,100.0
71,98,100.0
70,98,100.0
7,98,100.0
69,98,100.0
68,98,100.0
67,98,100.0
66,98,100.0
65,98,100.0
64,98,100.0
63,98,100.0
62,98,100.0
61,98,100.0
60,98,100.0
6,98,100.0
59,98,100.0
58,98,100.0
57,98,100.0
56,98,100.0
55,98,100.0
54,98,100.0
53,98,100.0
52,98,100.0
51,98,100.0
43,98,100.0
42,98,100.0
40,98,100.0
39,98,100.0
33,98,100.0
31,98,100.0
28,98,100.0
23,98,100.0
18,98,100.0
17,98,100.0
15,98,100.0
14,98,100.0
100,98,100.0
1,98,100.0
99,99,100.0
98,99,100.0
97,99,100.0
96,99,100.0
95,99,100.0
94,99,100.0
93,99,100.0
92,99,100.0
91,99,100.0
90,99,100.0
89,99,100.0
88,99,100.0
87,99,100.0
86,99,100.0
85,99,100.0
84,99,100.0
83,99,100.0
82,99,100.0
81,99,100.0
80,99,100.0
79,99,100.0
78,99,100.0
77,99,100.0
76,99,100.0
75,99,100.0
74,99,100.0
73,99,100.0
72,99,100.0
71,99,100.0
70,99,100.0
69,99,100.0
68,99,100.0
67,99,100.0
66,99,100.0
65,99,100.0
64,99,100.0
63,99,100.0
62,99,100.0
61,99,100.0
60,99,100.0
59,99,100.0
58,99,100.0
57,99,100.0
56,99,100.0
55,99,100.0
54,99,100.0
53,99,100.0
52,99,100.0
51,99,100.0
46,99,100.0
41,99,100.0
27,99,100.0
25,99,100.0
24,99,100.0
22,99,100.0
21,99,100.0
20,99,100.0
100,99,100.0
99,100,100.0
98,100,100.0
97,100,100.0
96,100,100.0
95,100,100.0
94,100,100.0
93,100,100.0
92,100,100.0
91,100,100.0
90,100,100.0
89,100,100.0
88,100,100.0
87,100,100.0
86,100,100.0
85,100,100.0
84,100,100.0
83,100,100.0
82,100,100.0
81,100,100.0
80,100,100.0
79,100,100.0
78,100,100.0
77,100,100.0
76,100,100.0
75,100,100.0
74,100,100.0
73,100,100.0
72,100,100.0
71,100,100.0
70,100,100.0
7,100,100.0
69,100,100.0
68,100,100.0
67,100,100.0
66,100,100.0
65,100,100.0
64,100,100.0
63,100,100.0
62,100,100.0
61,100,100.0
60,100,100.0
6,100,100.0
59,100,100.0
58,100,100.0
57,100,100.0
56,100,100.0
55,100,100.0
54,100,100.0
53,100,100.0
52,100,100.0
51,100,100.0
43,100,100.0
42,100,100.0
40,100,100.0
39,100,100.0
33,100,100.0
31,100,100.0
28,100,100.0
23,100,100.0
18,100,100.0
17,100,100.0
15,100,100.0
14,100,100.0
100,100,100.0
1,100,100.0
